,user_id,lr_label,lrs_label,svm_label,svms_label,rf_label,rfs_label,mix_label,nn_label,true_label
0,131367256,1.0,1.0,1.0,1.0,1.0,1.0,1.0,1.0,1.0
1,131367256,1.0,1.0,1.0,1.0,1.0,1.0,1.0,1.0,1.0
4,622942,1.0,1.0,1.0,1.0,1.0,1.0,1.0,1.0,0.0
5,622942,1.0,1.0,1.0,1.0,1.0,1.0,1.0,1.0,0.0
8,40020647,1.0,1.0,1.0,1.0,0.0,1.0,1.0,1.0,1.0
9,40020647,1.0,1.0,1.0,1.0,0.0,1.0,1.0,1.0,1.0
10,1096405248,1.0,1.0,1.0,1.0,1.0,1.0,1.0,1.0,1.0
11,1096405248,1.0,1.0,1.0,1.0,1.0,1.0,1.0,1.0,1.0
12,26740774,1.0,1.0,1.0,1.0,1.0,1.0,1.0,1.0,1.0
13,26740774,1.0,1.0,1.0,1.0,1.0,1.0,1.0,1.0,1.0
14,2691460,1.0,1.0,1.0,1.0,0.0,1.0,1.0,1.0,0.0
15,2691460,1.0,1.0,1.0,1.0,0.0,1.0,1.0,1.0,0.0
16,4281678,1.0,1.0,1.0,1.0,1.0,1.0,1.0,1.0,1.0
17,4281678,1.0,1.0,1.0,1.0,1.0,1.0,1.0,1.0,1.0
18,4764081,1.0,1.0,1.0,1.0,1.0,1.0,1.0,1.0,0.0
19,4764081,1.0,1.0,1.0,1.0,1.0,1.0,1.0,1.0,0.0
20,20749469,1.0,1.0,1.0,1.0,1.0,1.0,1.0,1.0,1.0
21,20749469,1.0,1.0,1.0,1.0,1.0,1.0,1.0,1.0,1.0
22,6340451,0.0,0.0,0.0,0.0,0.0,0.0,0.0,0.0,0.0
23,6340451,0.0,0.0,0.0,0.0,0.0,0.0,0.0,0.0,0.0
24,18084427,0.0,0.0,1.0,1.0,1.0,0.0,1.0,0.0,1.0
25,18084427,0.0,0.0,1.0,1.0,1.0,0.0,1.0,0.0,1.0
26,5566866,1.0,1.0,1.0,1.0,1.0,1.0,1.0,1.0,1.0
27,5566866,1.0,1.0,1.0,1.0,1.0,1.0,1.0,1.0,1.0
28,7205318,0.0,0.0,0.0,0.0,1.0,1.0,0.0,0.0,0.0
29,7205318,0.0,0.0,0.0,0.0,1.0,1.0,0.0,0.0,0.0
30,819010916,1.0,1.0,1.0,1.0,0.0,1.0,1.0,1.0,1.0
31,819010916,1.0,1.0,1.0,1.0,0.0,1.0,1.0,1.0,1.0
32,29484554,1.0,1.0,1.0,1.0,1.0,1.0,1.0,1.0,1.0
33,29484554,1.0,1.0,1.0,1.0,1.0,1.0,1.0,1.0,1.0
34,295516,1.0,1.0,1.0,1.0,1.0,1.0,1.0,1.0,1.0
35,295516,1.0,1.0,1.0,1.0,1.0,1.0,1.0,1.0,1.0
36,32365384,1.0,1.0,1.0,1.0,1.0,1.0,1.0,1.0,1.0
37,32365384,1.0,1.0,1.0,1.0,1.0,1.0,1.0,1.0,1.0
42,48262958,1.0,1.0,1.0,1.0,0.0,1.0,1.0,1.0,1.0
43,48262958,1.0,1.0,1.0,1.0,0.0,1.0,1.0,1.0,1.0
44,33034000,1.0,1.0,1.0,1.0,1.0,1.0,1.0,1.0,1.0
45,33034000,1.0,1.0,1.0,1.0,1.0,1.0,1.0,1.0,1.0
46,7620204,0.0,0.0,0.0,0.0,0.0,0.0,0.0,0.0,0.0
47,7620204,0.0,0.0,0.0,0.0,0.0,0.0,0.0,0.0,0.0
50,1984473,1.0,1.0,1.0,1.0,1.0,1.0,1.0,1.0,1.0
51,1984473,1.0,1.0,1.0,1.0,1.0,1.0,1.0,1.0,1.0
52,4954115,1.0,1.0,1.0,1.0,1.0,1.0,1.0,1.0,1.0
53,4954115,1.0,1.0,1.0,1.0,1.0,1.0,1.0,1.0,1.0
54,3450980,1.0,1.0,1.0,1.0,1.0,1.0,1.0,1.0,1.0
55,3450980,1.0,1.0,1.0,1.0,1.0,1.0,1.0,1.0,1.0
58,194640,1.0,1.0,1.0,1.0,1.0,1.0,1.0,1.0,1.0
59,194640,1.0,1.0,1.0,1.0,1.0,1.0,1.0,1.0,1.0
60,4247989,1.0,1.0,1.0,1.0,1.0,1.0,1.0,1.0,1.0
61,4247989,1.0,1.0,1.0,1.0,1.0,1.0,1.0,1.0,1.0
64,1155209060,0.0,0.0,0.0,0.0,1.0,0.0,0.0,0.0,0.0
65,1155209060,0.0,0.0,0.0,0.0,1.0,0.0,0.0,0.0,0.0
70,1427692,1.0,1.0,0.0,0.0,1.0,1.0,1.0,1.0,0.0
71,1427692,1.0,1.0,0.0,0.0,1.0,1.0,1.0,1.0,0.0
72,773473794,1.0,1.0,1.0,1.0,1.0,1.0,1.0,1.0,0.0
73,773473794,1.0,1.0,1.0,1.0,1.0,1.0,1.0,1.0,0.0
76,53962083,0.0,0.0,1.0,1.0,1.0,1.0,1.0,1.0,1.0
77,53962083,0.0,0.0,1.0,1.0,1.0,1.0,1.0,1.0,1.0
80,1154957,1.0,1.0,1.0,1.0,1.0,1.0,1.0,1.0,1.0
81,1154957,1.0,1.0,1.0,1.0,1.0,1.0,1.0,1.0,1.0
82,31152043,1.0,1.0,1.0,1.0,1.0,1.0,1.0,1.0,1.0
83,31152043,1.0,1.0,1.0,1.0,1.0,1.0,1.0,1.0,1.0
86,7371284,1.0,1.0,1.0,1.0,1.0,1.0,1.0,1.0,1.0
87,7371284,1.0,1.0,1.0,1.0,1.0,1.0,1.0,1.0,1.0
88,3241517,1.0,1.0,1.0,1.0,1.0,1.0,1.0,1.0,1.0
89,3241517,1.0,1.0,1.0,1.0,1.0,1.0,1.0,1.0,1.0
94,3589509,1.0,1.0,1.0,1.0,1.0,1.0,1.0,1.0,1.0
95,3589509,1.0,1.0,1.0,1.0,1.0,1.0,1.0,1.0,1.0
100,5128659,1.0,1.0,1.0,1.0,1.0,1.0,1.0,1.0,0.0
101,5128659,1.0,1.0,1.0,1.0,1.0,1.0,1.0,1.0,0.0
102,22201294,0.0,0.0,0.0,0.0,1.0,1.0,0.0,0.0,0.0
103,22201294,0.0,0.0,0.0,0.0,1.0,1.0,0.0,0.0,0.0
106,62062707,1.0,1.0,1.0,1.0,1.0,1.0,1.0,1.0,1.0
107,62062707,1.0,1.0,1.0,1.0,1.0,1.0,1.0,1.0,1.0
108,32468533,0.0,0.0,1.0,1.0,1.0,1.0,1.0,1.0,0.0
109,32468533,0.0,0.0,1.0,1.0,1.0,1.0,1.0,1.0,0.0
113,13714488,1.0,1.0,1.0,1.0,1.0,1.0,1.0,1.0,0.0
114,10556652,1.0,1.0,1.0,1.0,1.0,1.0,1.0,1.0,1.0
115,4679928,1.0,1.0,1.0,1.0,1.0,1.0,1.0,1.0,1.0
116,41178266,1.0,1.0,1.0,1.0,1.0,1.0,1.0,1.0,1.0
117,6263599,1.0,1.0,1.0,1.0,0.0,1.0,1.0,1.0,1.0
118,41945201,1.0,1.0,0.0,0.0,0.0,1.0,1.0,0.0,0.0
119,5255377,1.0,1.0,1.0,1.0,1.0,1.0,1.0,1.0,0.0
120,1242144,0.0,0.0,0.0,0.0,1.0,1.0,0.0,0.0,0.0
121,14830818,1.0,1.0,1.0,1.0,1.0,1.0,1.0,1.0,1.0
122,7508154,1.0,1.0,1.0,1.0,1.0,1.0,1.0,1.0,1.0
123,2643517,1.0,1.0,1.0,1.0,1.0,1.0,1.0,1.0,1.0
125,27148776,0.0,0.0,0.0,0.0,0.0,0.0,0.0,0.0,0.0
126,13617232,1.0,1.0,1.0,1.0,1.0,1.0,1.0,1.0,1.0
127,23600,0.0,0.0,0.0,0.0,1.0,1.0,0.0,0.0,0.0
128,5075726,1.0,1.0,1.0,1.0,1.0,1.0,1.0,1.0,1.0
129,18520499,1.0,1.0,1.0,1.0,1.0,1.0,1.0,1.0,1.0
130,107577743,0.0,0.0,1.0,1.0,1.0,1.0,1.0,1.0,1.0
131,40064648,1.0,1.0,1.0,1.0,1.0,1.0,1.0,1.0,1.0
132,47884126,1.0,1.0,1.0,1.0,1.0,1.0,1.0,1.0,1.0
133,13331684,1.0,1.0,1.0,1.0,1.0,1.0,1.0,1.0,0.0
134,28976459,1.0,1.0,1.0,1.0,1.0,1.0,1.0,1.0,1.0
136,34722787,1.0,1.0,1.0,1.0,1.0,1.0,1.0,1.0,0.0
137,15555717,1.0,1.0,1.0,1.0,1.0,1.0,1.0,1.0,1.0
139,155353009,1.0,1.0,1.0,1.0,1.0,1.0,1.0,1.0,1.0
140,1284470,1.0,1.0,1.0,1.0,1.0,1.0,1.0,1.0,1.0
141,2081986,0.0,0.0,0.0,0.0,0.0,1.0,0.0,0.0,0.0
142,59823715,1.0,1.0,1.0,1.0,1.0,1.0,1.0,1.0,1.0
143,14283040,1.0,1.0,1.0,1.0,1.0,1.0,1.0,1.0,1.0
144,1183224,1.0,1.0,1.0,1.0,1.0,1.0,1.0,1.0,0.0
145,17825627,1.0,1.0,1.0,1.0,1.0,0.0,1.0,1.0,0.0
146,4138988,1.0,1.0,1.0,1.0,1.0,1.0,1.0,1.0,1.0
147,23136054,1.0,1.0,1.0,1.0,1.0,1.0,1.0,1.0,0.0
148,4411438,1.0,1.0,1.0,1.0,1.0,1.0,1.0,1.0,1.0
149,254061,1.0,1.0,1.0,1.0,1.0,1.0,1.0,1.0,1.0
150,4608723,1.0,1.0,1.0,1.0,1.0,1.0,1.0,1.0,1.0
151,15992385,1.0,1.0,1.0,1.0,1.0,1.0,1.0,1.0,1.0
152,7536153,0.0,0.0,0.0,0.0,1.0,1.0,0.0,1.0,0.0
153,1953138,1.0,1.0,1.0,1.0,1.0,1.0,1.0,1.0,1.0
154,1968465,1.0,1.0,1.0,1.0,1.0,1.0,1.0,1.0,1.0
155,12470112,1.0,1.0,1.0,1.0,1.0,1.0,1.0,1.0,1.0
156,12826075,1.0,1.0,1.0,1.0,1.0,1.0,1.0,1.0,1.0
158,182011455,1.0,1.0,1.0,1.0,1.0,1.0,1.0,1.0,1.0
159,505716,1.0,1.0,0.0,0.0,1.0,1.0,1.0,1.0,1.0
160,194152088,1.0,1.0,1.0,1.0,1.0,1.0,1.0,1.0,1.0
162,7754425,1.0,1.0,1.0,1.0,1.0,1.0,1.0,1.0,1.0
163,21779469,0.0,0.0,1.0,1.0,0.0,1.0,1.0,1.0,1.0
164,20705216,1.0,1.0,1.0,1.0,1.0,1.0,1.0,1.0,0.0
165,1143651,0.0,0.0,0.0,0.0,1.0,1.0,0.0,1.0,0.0
167,4743343,0.0,0.0,1.0,1.0,0.0,1.0,1.0,0.0,1.0
168,121530552,1.0,1.0,1.0,1.0,1.0,1.0,1.0,1.0,1.0
169,7565517,0.0,0.0,0.0,0.0,1.0,1.0,0.0,1.0,1.0
170,8468576,1.0,1.0,1.0,1.0,1.0,1.0,1.0,1.0,1.0
171,46010915,1.0,1.0,1.0,1.0,1.0,1.0,1.0,1.0,1.0
172,52239570,1.0,1.0,1.0,1.0,1.0,1.0,1.0,1.0,0.0
173,3429984,1.0,1.0,1.0,1.0,0.0,1.0,1.0,1.0,1.0
174,5318721,1.0,1.0,1.0,1.0,1.0,1.0,1.0,1.0,1.0
175,7950383,0.0,0.0,0.0,0.0,1.0,1.0,0.0,1.0,1.0
176,5746525,1.0,1.0,0.0,0.0,1.0,1.0,1.0,1.0,1.0
177,928500,1.0,1.0,1.0,1.0,1.0,1.0,1.0,1.0,1.0
178,829564599,1.0,1.0,1.0,1.0,1.0,1.0,1.0,1.0,1.0
179,1062412,1.0,1.0,1.0,1.0,1.0,1.0,1.0,1.0,1.0
180,6018268,1.0,1.0,1.0,1.0,0.0,1.0,1.0,1.0,1.0
181,2161301,1.0,1.0,1.0,1.0,1.0,1.0,1.0,1.0,1.0
182,84783496,1.0,1.0,1.0,1.0,1.0,1.0,1.0,1.0,1.0
183,1363562,1.0,1.0,1.0,1.0,1.0,1.0,1.0,1.0,1.0
184,30899213,1.0,1.0,1.0,1.0,1.0,1.0,1.0,1.0,1.0
186,29841049,1.0,1.0,1.0,1.0,0.0,1.0,1.0,0.0,1.0
187,27469440,1.0,1.0,1.0,1.0,1.0,1.0,1.0,1.0,1.0
188,8398074,1.0,1.0,1.0,1.0,1.0,1.0,1.0,1.0,1.0
189,2398785,0.0,0.0,0.0,0.0,1.0,1.0,0.0,0.0,1.0
192,3321118,1.0,1.0,1.0,1.0,1.0,1.0,1.0,1.0,1.0
193,6361550,0.0,0.0,0.0,0.0,1.0,1.0,0.0,0.0,0.0
196,6638124,1.0,1.0,1.0,1.0,1.0,1.0,1.0,1.0,1.0
197,39981233,1.0,1.0,0.0,0.0,1.0,1.0,1.0,1.0,1.0
199,730451,1.0,1.0,1.0,1.0,1.0,1.0,1.0,1.0,1.0
200,2513773,1.0,1.0,1.0,1.0,1.0,1.0,1.0,1.0,1.0
201,34466998,1.0,1.0,1.0,1.0,1.0,1.0,1.0,1.0,1.0
202,15437135,1.0,1.0,1.0,1.0,0.0,1.0,1.0,1.0,1.0
205,15037896,1.0,1.0,1.0,1.0,1.0,1.0,1.0,1.0,1.0
206,1719450,1.0,1.0,1.0,1.0,1.0,1.0,1.0,1.0,0.0
207,37345598,0.0,0.0,0.0,0.0,1.0,1.0,0.0,1.0,0.0
208,25526683,1.0,1.0,1.0,1.0,1.0,1.0,1.0,1.0,1.0
209,1153058,0.0,0.0,1.0,1.0,0.0,1.0,0.0,0.0,0.0
210,852474,1.0,1.0,1.0,1.0,1.0,1.0,1.0,1.0,1.0
211,322748762,1.0,1.0,1.0,1.0,1.0,1.0,1.0,1.0,1.0
212,2668971,1.0,1.0,1.0,1.0,1.0,1.0,1.0,1.0,1.0
213,13665435,1.0,1.0,1.0,1.0,1.0,1.0,1.0,1.0,1.0
214,1044511662,1.0,1.0,1.0,1.0,1.0,1.0,1.0,1.0,1.0
215,5320183,1.0,1.0,1.0,1.0,1.0,1.0,1.0,1.0,1.0
218,90699,1.0,1.0,1.0,1.0,0.0,0.0,1.0,1.0,1.0
220,2084682,1.0,1.0,1.0,1.0,1.0,1.0,1.0,1.0,1.0
221,1054602254,0.0,0.0,0.0,0.0,0.0,0.0,0.0,0.0,0.0
222,6148503,1.0,1.0,1.0,1.0,1.0,1.0,1.0,1.0,1.0
223,335659,1.0,1.0,1.0,1.0,1.0,1.0,1.0,1.0,1.0
224,24403126,1.0,1.0,1.0,1.0,1.0,1.0,1.0,1.0,1.0
228,5147341,1.0,1.0,1.0,1.0,1.0,1.0,1.0,1.0,1.0
229,11724325,1.0,1.0,1.0,1.0,1.0,1.0,1.0,1.0,1.0
231,15489,1.0,1.0,1.0,1.0,1.0,1.0,1.0,1.0,1.0
232,36145469,0.0,0.0,0.0,0.0,0.0,1.0,0.0,0.0,0.0
233,30832334,0.0,0.0,0.0,0.0,0.0,1.0,0.0,0.0,0.0
234,6393315,1.0,1.0,1.0,1.0,1.0,1.0,1.0,1.0,1.0
235,5379749,1.0,1.0,1.0,1.0,0.0,1.0,1.0,1.0,0.0
236,381166,0.0,0.0,1.0,1.0,1.0,1.0,1.0,0.0,0.0
237,1034176944,1.0,1.0,1.0,1.0,1.0,1.0,1.0,1.0,1.0
238,1151716,1.0,1.0,1.0,1.0,0.0,1.0,1.0,1.0,0.0
240,1099216,1.0,1.0,1.0,1.0,1.0,1.0,1.0,1.0,1.0
241,6586169,1.0,1.0,1.0,1.0,1.0,1.0,1.0,1.0,1.0
242,287420,0.0,0.0,0.0,0.0,0.0,0.0,0.0,0.0,0.0
243,1377491,1.0,1.0,1.0,1.0,1.0,1.0,1.0,1.0,1.0
244,6168292,1.0,1.0,1.0,1.0,1.0,1.0,1.0,1.0,1.0
245,1450414,1.0,1.0,1.0,1.0,1.0,1.0,1.0,1.0,1.0
249,5601268,1.0,1.0,1.0,1.0,1.0,1.0,1.0,1.0,1.0
250,27331213,1.0,1.0,1.0,1.0,1.0,1.0,1.0,1.0,1.0
251,19695268,1.0,1.0,1.0,1.0,1.0,1.0,1.0,1.0,1.0
253,19390922,1.0,1.0,1.0,1.0,1.0,1.0,1.0,1.0,1.0
254,32134,1.0,1.0,1.0,1.0,1.0,1.0,1.0,1.0,1.0
255,4254525,0.0,0.0,0.0,0.0,1.0,1.0,0.0,0.0,0.0
256,21005405,0.0,0.0,1.0,1.0,1.0,1.0,1.0,0.0,0.0
259,4949686,0.0,0.0,1.0,1.0,1.0,1.0,1.0,0.0,1.0
260,6644003,1.0,1.0,1.0,1.0,1.0,1.0,1.0,1.0,1.0
262,5571403,1.0,1.0,1.0,1.0,1.0,1.0,1.0,1.0,1.0
263,6427398,1.0,1.0,1.0,1.0,1.0,1.0,1.0,1.0,1.0
264,1367473,1.0,1.0,1.0,1.0,1.0,1.0,1.0,1.0,1.0
265,3158687,1.0,1.0,1.0,1.0,1.0,1.0,1.0,1.0,1.0
266,5345453,0.0,0.0,0.0,0.0,1.0,0.0,0.0,0.0,0.0
267,32283298,1.0,1.0,1.0,1.0,1.0,1.0,1.0,1.0,1.0
268,1968508,1.0,1.0,1.0,1.0,1.0,1.0,1.0,1.0,1.0
270,6769835,1.0,1.0,1.0,1.0,1.0,1.0,1.0,1.0,1.0
271,7598561,1.0,1.0,1.0,1.0,1.0,1.0,1.0,1.0,1.0
273,4794170,1.0,1.0,1.0,1.0,1.0,1.0,1.0,1.0,1.0
277,118926731,1.0,1.0,1.0,1.0,1.0,1.0,1.0,1.0,1.0
278,9130803,1.0,1.0,1.0,1.0,1.0,1.0,1.0,1.0,1.0
279,14095567,0.0,0.0,0.0,0.0,1.0,1.0,0.0,0.0,0.0
280,322098,1.0,1.0,1.0,1.0,1.0,1.0,1.0,1.0,1.0
283,30414568,1.0,1.0,1.0,1.0,1.0,1.0,1.0,1.0,0.0
284,21999334,1.0,1.0,1.0,1.0,1.0,1.0,1.0,1.0,1.0
285,5351732,0.0,0.0,0.0,0.0,1.0,1.0,0.0,0.0,1.0
286,1033727,1.0,1.0,0.0,0.0,1.0,1.0,1.0,1.0,1.0
287,3144823,1.0,1.0,1.0,1.0,1.0,1.0,1.0,1.0,1.0
289,95752270,1.0,1.0,1.0,1.0,1.0,1.0,1.0,1.0,1.0
290,11883740,1.0,1.0,1.0,1.0,1.0,1.0,1.0,1.0,1.0
292,34535012,0.0,0.0,0.0,0.0,1.0,0.0,0.0,1.0,1.0
293,11688331,1.0,1.0,1.0,1.0,1.0,1.0,1.0,1.0,1.0
294,4214599,1.0,1.0,1.0,1.0,1.0,1.0,1.0,1.0,0.0
295,4552033,1.0,1.0,1.0,1.0,1.0,1.0,1.0,1.0,0.0
296,1351947,1.0,1.0,1.0,1.0,1.0,1.0,1.0,1.0,1.0
297,54274801,1.0,1.0,1.0,1.0,1.0,1.0,1.0,1.0,1.0
298,37549354,1.0,1.0,1.0,1.0,1.0,1.0,1.0,1.0,1.0
299,24166303,1.0,1.0,1.0,1.0,1.0,1.0,1.0,1.0,1.0
300,26484655,0.0,0.0,0.0,0.0,1.0,1.0,0.0,1.0,0.0
301,3891560,0.0,0.0,0.0,0.0,1.0,0.0,0.0,0.0,0.0
302,745277,1.0,1.0,1.0,1.0,1.0,1.0,1.0,1.0,1.0
303,35621655,1.0,1.0,1.0,1.0,0.0,1.0,1.0,1.0,1.0
305,121283876,1.0,1.0,0.0,0.0,1.0,1.0,0.0,0.0,1.0
307,5103338,1.0,1.0,1.0,1.0,1.0,1.0,1.0,1.0,1.0
309,13954470,1.0,1.0,1.0,1.0,0.0,1.0,1.0,0.0,1.0
310,893708,1.0,1.0,1.0,1.0,1.0,1.0,1.0,1.0,1.0
311,5596728,1.0,1.0,1.0,1.0,1.0,1.0,1.0,1.0,1.0
313,58471783,1.0,1.0,1.0,1.0,1.0,1.0,1.0,1.0,1.0
314,1075787,1.0,1.0,1.0,1.0,1.0,1.0,1.0,1.0,1.0
315,2981859,1.0,1.0,1.0,1.0,1.0,1.0,1.0,1.0,1.0
316,847967922,1.0,1.0,1.0,1.0,0.0,1.0,1.0,1.0,1.0
317,14296512,1.0,1.0,1.0,1.0,1.0,1.0,1.0,1.0,0.0
318,3857992,1.0,1.0,1.0,1.0,1.0,1.0,1.0,1.0,1.0
319,4168809,1.0,1.0,1.0,1.0,1.0,1.0,1.0,1.0,1.0
320,112560892,1.0,1.0,1.0,1.0,1.0,1.0,1.0,1.0,1.0
321,2056428,1.0,1.0,1.0,1.0,1.0,1.0,1.0,1.0,1.0
322,115410510,1.0,1.0,1.0,1.0,1.0,1.0,1.0,1.0,0.0
323,9995143,1.0,1.0,1.0,1.0,1.0,0.0,1.0,1.0,0.0
324,13801496,1.0,1.0,1.0,1.0,1.0,1.0,1.0,1.0,0.0
325,25335363,1.0,1.0,1.0,1.0,1.0,1.0,1.0,1.0,1.0
326,42941996,0.0,0.0,0.0,0.0,1.0,1.0,0.0,1.0,1.0
327,5464024,1.0,1.0,1.0,1.0,1.0,0.0,1.0,1.0,1.0
328,19877,1.0,1.0,1.0,1.0,1.0,1.0,1.0,1.0,0.0
329,38810244,1.0,1.0,1.0,1.0,1.0,1.0,1.0,1.0,1.0
330,120536,1.0,1.0,1.0,1.0,0.0,0.0,1.0,1.0,1.0
331,7810204,1.0,1.0,1.0,1.0,1.0,1.0,1.0,1.0,1.0
332,24710919,1.0,1.0,0.0,0.0,1.0,1.0,0.0,1.0,1.0
334,8722729,1.0,1.0,1.0,1.0,1.0,1.0,1.0,1.0,1.0
335,27298469,1.0,1.0,1.0,1.0,1.0,1.0,1.0,1.0,1.0
336,2039285,1.0,1.0,0.0,0.0,1.0,1.0,1.0,1.0,1.0
337,33594843,1.0,1.0,1.0,1.0,1.0,1.0,1.0,1.0,1.0
338,4456549,1.0,1.0,1.0,1.0,1.0,1.0,1.0,1.0,1.0
339,4703989,1.0,1.0,1.0,1.0,1.0,1.0,1.0,1.0,1.0
340,6712808,0.0,0.0,0.0,0.0,1.0,1.0,0.0,1.0,1.0
341,15311784,1.0,1.0,1.0,1.0,1.0,1.0,1.0,1.0,1.0
342,53808006,0.0,0.0,0.0,0.0,1.0,1.0,0.0,0.0,0.0
343,117030104,1.0,1.0,1.0,1.0,1.0,1.0,1.0,1.0,1.0
344,17712977,1.0,1.0,1.0,1.0,1.0,1.0,1.0,1.0,1.0
345,37628204,1.0,1.0,1.0,1.0,1.0,1.0,1.0,1.0,1.0
346,3482470,1.0,1.0,1.0,1.0,1.0,1.0,1.0,1.0,1.0
349,1487467,0.0,0.0,0.0,0.0,1.0,1.0,0.0,1.0,1.0
351,3251402,1.0,1.0,1.0,1.0,1.0,1.0,1.0,1.0,0.0
352,21516215,1.0,1.0,1.0,1.0,1.0,1.0,1.0,1.0,1.0
353,818564329,1.0,1.0,1.0,1.0,1.0,1.0,1.0,1.0,1.0
354,36274320,1.0,1.0,1.0,1.0,1.0,1.0,1.0,1.0,1.0
356,1037403094,0.0,0.0,1.0,1.0,1.0,1.0,1.0,1.0,1.0
357,39386538,1.0,1.0,1.0,1.0,1.0,1.0,1.0,1.0,0.0
359,465353,1.0,1.0,1.0,1.0,1.0,1.0,1.0,1.0,1.0
360,635029,1.0,1.0,1.0,1.0,0.0,1.0,1.0,1.0,1.0
361,29108373,1.0,1.0,1.0,1.0,1.0,1.0,1.0,1.0,1.0
362,30261627,1.0,1.0,1.0,1.0,1.0,1.0,1.0,0.0,1.0
364,556661,1.0,1.0,1.0,1.0,1.0,1.0,1.0,1.0,1.0
365,722146,1.0,1.0,1.0,1.0,1.0,1.0,1.0,1.0,1.0
366,6524483,1.0,1.0,1.0,1.0,0.0,1.0,1.0,1.0,1.0
367,28989116,1.0,1.0,1.0,1.0,1.0,0.0,1.0,1.0,1.0
368,842175960,1.0,1.0,1.0,1.0,0.0,0.0,1.0,1.0,1.0
369,1557880,0.0,0.0,0.0,0.0,0.0,1.0,0.0,0.0,0.0
370,5779090,1.0,1.0,1.0,1.0,1.0,1.0,1.0,0.0,0.0
371,3320674,1.0,1.0,1.0,1.0,1.0,1.0,1.0,1.0,1.0
372,9884611,1.0,1.0,1.0,1.0,1.0,1.0,1.0,1.0,1.0
373,2112482,1.0,1.0,1.0,1.0,1.0,1.0,1.0,1.0,1.0
374,1187630,1.0,1.0,1.0,1.0,1.0,1.0,1.0,1.0,0.0
375,4720653,1.0,1.0,1.0,1.0,1.0,1.0,1.0,1.0,1.0
376,258433,1.0,1.0,1.0,1.0,1.0,1.0,1.0,1.0,1.0
380,1827199,1.0,1.0,1.0,1.0,1.0,1.0,1.0,1.0,1.0
382,8580914,0.0,0.0,0.0,0.0,1.0,1.0,0.0,0.0,1.0
385,42823789,1.0,1.0,1.0,1.0,1.0,1.0,1.0,1.0,1.0
387,3832417,1.0,1.0,1.0,1.0,1.0,1.0,1.0,1.0,1.0
389,50929794,1.0,1.0,1.0,1.0,1.0,1.0,1.0,1.0,1.0
390,200850154,1.0,1.0,1.0,1.0,0.0,1.0,1.0,1.0,0.0
391,3355878,1.0,1.0,1.0,1.0,1.0,1.0,1.0,1.0,1.0
392,264959,1.0,1.0,1.0,1.0,1.0,1.0,1.0,1.0,1.0
393,14478390,1.0,1.0,1.0,1.0,1.0,1.0,1.0,1.0,1.0
394,2651199,1.0,1.0,1.0,1.0,1.0,1.0,1.0,1.0,1.0
395,32101653,0.0,0.0,0.0,0.0,1.0,0.0,0.0,0.0,1.0
397,365546604,1.0,1.0,1.0,1.0,1.0,1.0,1.0,1.0,1.0
400,4293287,1.0,1.0,1.0,1.0,1.0,1.0,1.0,1.0,1.0
402,2645542,0.0,0.0,0.0,0.0,1.0,1.0,0.0,0.0,0.0
403,8001800,1.0,1.0,1.0,1.0,1.0,1.0,1.0,1.0,0.0
404,14349399,1.0,1.0,1.0,1.0,1.0,1.0,1.0,1.0,1.0
406,3898443,1.0,1.0,1.0,1.0,1.0,0.0,1.0,1.0,1.0
408,751562237,1.0,1.0,1.0,1.0,1.0,1.0,1.0,1.0,1.0
409,5324232,1.0,1.0,1.0,1.0,1.0,1.0,1.0,1.0,1.0
410,2778142,1.0,1.0,1.0,1.0,0.0,1.0,1.0,1.0,1.0
411,15379025,1.0,1.0,1.0,1.0,1.0,1.0,1.0,1.0,1.0
413,8034644,1.0,1.0,1.0,1.0,1.0,1.0,1.0,1.0,1.0
414,617131691,1.0,1.0,1.0,1.0,1.0,1.0,1.0,1.0,1.0
415,120305579,0.0,0.0,0.0,0.0,1.0,0.0,0.0,0.0,0.0
416,138838330,1.0,1.0,1.0,1.0,0.0,1.0,1.0,1.0,1.0
417,305700,1.0,1.0,1.0,1.0,1.0,1.0,1.0,1.0,1.0
418,10195472,1.0,1.0,1.0,1.0,1.0,1.0,1.0,1.0,1.0
419,7427138,0.0,0.0,0.0,0.0,1.0,1.0,0.0,0.0,0.0
420,5295573,1.0,1.0,1.0,1.0,1.0,1.0,1.0,1.0,1.0
421,4804598,1.0,1.0,1.0,1.0,1.0,1.0,1.0,1.0,1.0
422,192815417,1.0,1.0,1.0,1.0,1.0,1.0,1.0,1.0,1.0
424,180781056,1.0,1.0,1.0,1.0,1.0,1.0,1.0,1.0,1.0
425,4980613,0.0,0.0,0.0,0.0,1.0,0.0,0.0,0.0,0.0
426,192100,1.0,1.0,1.0,1.0,1.0,1.0,1.0,1.0,1.0
427,589691,1.0,1.0,1.0,1.0,0.0,0.0,1.0,1.0,0.0
428,33366239,1.0,1.0,1.0,1.0,1.0,1.0,1.0,1.0,1.0
429,24545959,1.0,1.0,1.0,1.0,1.0,0.0,1.0,1.0,1.0
430,188707020,1.0,1.0,1.0,1.0,0.0,0.0,1.0,1.0,1.0
431,14383137,1.0,1.0,1.0,1.0,1.0,1.0,1.0,1.0,1.0
432,87491843,0.0,0.0,0.0,0.0,1.0,1.0,0.0,0.0,0.0
434,2299294,1.0,1.0,1.0,1.0,1.0,1.0,1.0,1.0,1.0
435,5159858,1.0,1.0,1.0,1.0,1.0,1.0,1.0,1.0,0.0
437,130976,0.0,0.0,0.0,0.0,1.0,1.0,0.0,0.0,1.0
438,3780230,1.0,1.0,1.0,1.0,1.0,1.0,1.0,1.0,0.0
439,1881004,1.0,1.0,1.0,1.0,1.0,1.0,1.0,1.0,1.0
440,11659614,1.0,1.0,1.0,1.0,1.0,1.0,1.0,1.0,1.0
441,18984819,1.0,1.0,1.0,1.0,1.0,1.0,1.0,1.0,0.0
443,5405143,1.0,1.0,1.0,1.0,1.0,1.0,1.0,1.0,1.0
444,229221,1.0,1.0,1.0,1.0,1.0,1.0,1.0,1.0,1.0
445,136104738,1.0,1.0,1.0,1.0,1.0,1.0,1.0,1.0,1.0
446,794033,1.0,1.0,1.0,1.0,1.0,1.0,1.0,1.0,1.0
447,28659299,1.0,1.0,1.0,1.0,1.0,1.0,1.0,1.0,1.0
448,1924130,1.0,1.0,1.0,1.0,1.0,1.0,1.0,1.0,1.0
449,28727335,0.0,0.0,0.0,0.0,1.0,1.0,0.0,1.0,1.0
450,3509227,1.0,1.0,1.0,1.0,1.0,1.0,1.0,1.0,1.0
451,543594,1.0,1.0,1.0,1.0,1.0,1.0,1.0,1.0,1.0
452,8025808,1.0,1.0,1.0,1.0,1.0,1.0,1.0,1.0,1.0
453,814741824,1.0,1.0,1.0,1.0,1.0,1.0,1.0,1.0,1.0
455,2710563,1.0,1.0,1.0,1.0,1.0,1.0,1.0,1.0,1.0
456,24822310,1.0,1.0,1.0,1.0,1.0,1.0,1.0,1.0,1.0
457,1524733,0.0,0.0,0.0,0.0,1.0,1.0,0.0,0.0,1.0
458,26635171,1.0,1.0,0.0,0.0,0.0,1.0,1.0,1.0,1.0
459,720281039,1.0,1.0,1.0,1.0,1.0,1.0,1.0,1.0,1.0
461,62601295,0.0,0.0,0.0,0.0,1.0,0.0,0.0,0.0,0.0
463,11516017,1.0,1.0,1.0,1.0,1.0,1.0,1.0,1.0,1.0
465,108863652,1.0,1.0,1.0,1.0,1.0,1.0,1.0,1.0,1.0
466,27552179,1.0,1.0,1.0,1.0,1.0,1.0,1.0,1.0,1.0
467,3522177,1.0,1.0,1.0,1.0,1.0,1.0,1.0,1.0,1.0
468,1918356,0.0,0.0,0.0,0.0,1.0,1.0,0.0,0.0,0.0
469,1442093,1.0,1.0,1.0,1.0,1.0,1.0,1.0,1.0,1.0
470,6054157,0.0,0.0,0.0,0.0,0.0,1.0,0.0,0.0,0.0
473,2009387,1.0,1.0,1.0,1.0,1.0,1.0,1.0,1.0,1.0
474,24273,1.0,1.0,1.0,1.0,1.0,1.0,1.0,1.0,1.0
475,22927213,1.0,1.0,1.0,1.0,1.0,1.0,1.0,1.0,1.0
476,35990,1.0,1.0,1.0,1.0,1.0,1.0,1.0,1.0,1.0
477,34244,1.0,1.0,1.0,1.0,0.0,1.0,1.0,1.0,1.0
478,44053519,1.0,1.0,1.0,1.0,1.0,1.0,1.0,1.0,1.0
480,1972110,1.0,1.0,1.0,1.0,1.0,1.0,1.0,1.0,1.0
481,32922541,1.0,1.0,1.0,1.0,0.0,1.0,1.0,1.0,1.0
483,7477664,1.0,1.0,1.0,1.0,1.0,1.0,1.0,1.0,1.0
484,21793042,0.0,0.0,1.0,1.0,1.0,1.0,1.0,1.0,1.0
485,40571568,1.0,1.0,1.0,1.0,0.0,1.0,1.0,1.0,1.0
486,45170891,1.0,1.0,1.0,1.0,1.0,1.0,1.0,1.0,1.0
487,1055949677,1.0,1.0,1.0,1.0,1.0,1.0,1.0,1.0,1.0
488,20828538,1.0,1.0,1.0,1.0,1.0,1.0,1.0,1.0,1.0
489,9431809,1.0,1.0,1.0,1.0,1.0,1.0,1.0,1.0,1.0
490,1823375,1.0,1.0,1.0,1.0,1.0,1.0,1.0,1.0,1.0
491,42016244,1.0,1.0,1.0,1.0,0.0,1.0,1.0,1.0,1.0
492,4610112,1.0,1.0,0.0,0.0,1.0,1.0,1.0,1.0,0.0
493,4682794,1.0,1.0,1.0,1.0,1.0,1.0,1.0,1.0,1.0
494,31150948,0.0,0.0,0.0,0.0,0.0,1.0,0.0,0.0,0.0
495,172660824,1.0,1.0,1.0,1.0,1.0,1.0,1.0,1.0,1.0
496,12777359,0.0,0.0,0.0,0.0,1.0,1.0,0.0,1.0,0.0
497,40272334,1.0,1.0,1.0,1.0,1.0,1.0,1.0,1.0,1.0
498,7973044,1.0,1.0,1.0,1.0,1.0,1.0,1.0,1.0,1.0
500,1145596,1.0,1.0,1.0,1.0,1.0,1.0,1.0,1.0,1.0
502,4528421,1.0,1.0,1.0,1.0,1.0,1.0,1.0,1.0,1.0
503,39377,1.0,1.0,1.0,1.0,1.0,1.0,1.0,1.0,1.0
504,4067416,1.0,1.0,1.0,1.0,1.0,1.0,1.0,1.0,1.0
505,13059903,1.0,1.0,1.0,1.0,1.0,1.0,1.0,1.0,1.0
507,4942612,1.0,1.0,1.0,1.0,1.0,1.0,1.0,1.0,1.0
509,15017328,1.0,1.0,1.0,1.0,1.0,1.0,1.0,1.0,1.0
510,566164,0.0,0.0,0.0,0.0,1.0,0.0,0.0,1.0,1.0
512,3827369,0.0,0.0,0.0,0.0,1.0,1.0,0.0,1.0,1.0
513,2364928,1.0,1.0,1.0,1.0,1.0,1.0,1.0,1.0,1.0
515,861625379,0.0,0.0,1.0,1.0,1.0,1.0,1.0,0.0,0.0
516,4613388,1.0,1.0,1.0,1.0,1.0,1.0,1.0,1.0,1.0
517,9657008,0.0,0.0,1.0,1.0,1.0,1.0,1.0,1.0,1.0
518,345851,0.0,0.0,0.0,0.0,1.0,0.0,0.0,0.0,0.0
519,2054076,1.0,1.0,1.0,1.0,1.0,1.0,1.0,1.0,1.0
521,1296465,1.0,1.0,1.0,1.0,1.0,1.0,1.0,1.0,1.0
522,795720070,1.0,1.0,1.0,1.0,1.0,1.0,1.0,1.0,1.0
523,14434990,1.0,1.0,1.0,1.0,1.0,1.0,1.0,1.0,1.0
524,93293639,0.0,0.0,1.0,1.0,1.0,1.0,1.0,1.0,1.0
526,27659974,1.0,1.0,1.0,1.0,0.0,1.0,1.0,1.0,1.0
529,2642189,1.0,1.0,1.0,1.0,1.0,1.0,1.0,1.0,1.0
530,863968455,1.0,1.0,1.0,1.0,1.0,1.0,1.0,1.0,1.0
531,550098,1.0,1.0,1.0,1.0,1.0,1.0,1.0,1.0,1.0
532,12799269,1.0,1.0,1.0,1.0,1.0,1.0,1.0,1.0,1.0
535,561139,1.0,1.0,1.0,1.0,1.0,1.0,1.0,1.0,1.0
536,63448,1.0,1.0,1.0,1.0,1.0,1.0,1.0,1.0,1.0
538,3154185,0.0,0.0,0.0,0.0,0.0,1.0,0.0,0.0,0.0
539,792550486,0.0,0.0,0.0,0.0,0.0,1.0,0.0,0.0,0.0
541,86691,1.0,1.0,1.0,1.0,1.0,1.0,1.0,1.0,1.0
542,22542404,0.0,0.0,0.0,0.0,1.0,1.0,0.0,1.0,1.0
543,28872881,1.0,1.0,0.0,0.0,1.0,1.0,1.0,1.0,1.0
544,1857268,1.0,1.0,1.0,1.0,1.0,1.0,1.0,1.0,1.0
545,31808367,1.0,1.0,1.0,1.0,1.0,1.0,1.0,1.0,0.0
546,54339613,1.0,1.0,1.0,1.0,0.0,0.0,1.0,1.0,1.0
547,5845756,1.0,1.0,1.0,1.0,1.0,1.0,1.0,1.0,1.0
548,1667014,1.0,1.0,1.0,1.0,1.0,1.0,1.0,1.0,1.0
549,4088534,1.0,1.0,1.0,1.0,1.0,1.0,1.0,1.0,1.0
551,1571652,1.0,1.0,1.0,1.0,1.0,1.0,1.0,1.0,1.0
552,5032669,1.0,1.0,1.0,1.0,1.0,1.0,1.0,1.0,1.0
553,42440948,1.0,1.0,1.0,1.0,0.0,0.0,1.0,1.0,1.0
554,28152102,1.0,1.0,1.0,1.0,1.0,1.0,1.0,1.0,1.0
555,13672722,1.0,1.0,1.0,1.0,1.0,1.0,1.0,1.0,1.0
556,7581136,1.0,1.0,1.0,1.0,1.0,1.0,1.0,1.0,0.0
557,34693630,1.0,1.0,1.0,1.0,0.0,1.0,1.0,1.0,1.0
558,254288,1.0,1.0,1.0,1.0,1.0,1.0,1.0,1.0,1.0
559,6776491,0.0,0.0,1.0,1.0,1.0,1.0,1.0,0.0,1.0
561,27024262,1.0,1.0,1.0,1.0,0.0,1.0,1.0,1.0,1.0
562,3705445,1.0,1.0,1.0,1.0,1.0,1.0,1.0,1.0,1.0
564,1840194,1.0,1.0,1.0,1.0,1.0,1.0,1.0,1.0,1.0
565,14332095,1.0,1.0,1.0,1.0,1.0,1.0,1.0,1.0,1.0
566,30855561,1.0,1.0,1.0,1.0,1.0,1.0,1.0,1.0,1.0
568,41599732,1.0,1.0,1.0,1.0,1.0,1.0,1.0,1.0,1.0
569,13462592,1.0,1.0,1.0,1.0,1.0,1.0,1.0,1.0,1.0
570,2353196,0.0,0.0,0.0,0.0,0.0,1.0,0.0,0.0,0.0
571,5594651,1.0,1.0,1.0,1.0,0.0,1.0,1.0,1.0,1.0
572,19106217,1.0,1.0,1.0,1.0,1.0,1.0,1.0,1.0,0.0
573,22896972,1.0,1.0,1.0,1.0,1.0,1.0,1.0,1.0,1.0
574,1999184,1.0,1.0,1.0,1.0,1.0,1.0,1.0,1.0,1.0
575,3600998,1.0,1.0,1.0,1.0,1.0,1.0,1.0,1.0,1.0
576,28324303,1.0,1.0,0.0,0.0,0.0,0.0,1.0,0.0,0.0
577,21819171,1.0,1.0,1.0,1.0,1.0,1.0,1.0,1.0,1.0
578,40319051,1.0,1.0,1.0,1.0,1.0,1.0,1.0,1.0,1.0
579,23855293,1.0,1.0,1.0,1.0,1.0,1.0,1.0,1.0,1.0
580,6949342,1.0,1.0,1.0,1.0,1.0,1.0,1.0,1.0,1.0
581,763251794,1.0,1.0,1.0,1.0,1.0,1.0,1.0,1.0,0.0
583,2052169,1.0,1.0,1.0,1.0,1.0,1.0,1.0,1.0,1.0
584,52313069,1.0,1.0,1.0,1.0,1.0,1.0,1.0,1.0,1.0
585,1013867,1.0,1.0,1.0,1.0,1.0,1.0,1.0,1.0,1.0
586,28959377,1.0,1.0,1.0,1.0,0.0,1.0,1.0,1.0,0.0
588,195075,1.0,1.0,1.0,1.0,1.0,1.0,1.0,1.0,1.0
589,8156618,1.0,1.0,1.0,1.0,1.0,1.0,1.0,1.0,0.0
590,4080830,0.0,0.0,0.0,0.0,1.0,1.0,0.0,1.0,1.0
591,1292890,1.0,1.0,1.0,1.0,1.0,1.0,1.0,1.0,0.0
592,22783284,0.0,0.0,1.0,1.0,0.0,1.0,1.0,1.0,1.0
593,3746675,1.0,1.0,1.0,1.0,1.0,1.0,1.0,1.0,1.0
594,1563149,1.0,1.0,1.0,1.0,1.0,1.0,1.0,1.0,1.0
595,7234622,1.0,1.0,1.0,1.0,1.0,1.0,1.0,1.0,1.0
596,2648507,1.0,1.0,1.0,1.0,1.0,1.0,1.0,1.0,0.0
597,29731915,1.0,1.0,1.0,1.0,1.0,1.0,1.0,1.0,1.0
598,39808300,1.0,1.0,1.0,1.0,1.0,1.0,1.0,1.0,1.0
599,39808300,1.0,1.0,1.0,1.0,1.0,1.0,1.0,1.0,1.0
600,10861385,0.0,0.0,0.0,0.0,1.0,1.0,0.0,0.0,0.0
602,537515,1.0,1.0,1.0,1.0,1.0,1.0,1.0,1.0,1.0
603,7144840,1.0,1.0,1.0,1.0,1.0,1.0,1.0,1.0,1.0
604,1612268,1.0,1.0,1.0,1.0,1.0,1.0,1.0,1.0,1.0
605,7720595,1.0,1.0,1.0,1.0,1.0,1.0,1.0,1.0,0.0
606,13040109,1.0,1.0,1.0,1.0,1.0,1.0,1.0,1.0,0.0
607,10179427,1.0,1.0,1.0,1.0,1.0,1.0,1.0,1.0,1.0
608,27488703,1.0,1.0,1.0,1.0,1.0,1.0,1.0,1.0,1.0
609,9790979,1.0,1.0,1.0,1.0,1.0,1.0,1.0,1.0,1.0
610,15888239,1.0,1.0,0.0,0.0,1.0,1.0,1.0,1.0,1.0
612,6862761,1.0,1.0,1.0,1.0,1.0,1.0,1.0,1.0,1.0
613,23384564,1.0,1.0,1.0,1.0,1.0,1.0,1.0,1.0,1.0
614,8702361,1.0,1.0,1.0,1.0,1.0,1.0,1.0,1.0,1.0
615,406974,1.0,1.0,1.0,1.0,0.0,1.0,1.0,1.0,1.0
616,21650016,0.0,0.0,0.0,0.0,1.0,1.0,0.0,1.0,1.0
617,638924,1.0,1.0,1.0,1.0,1.0,1.0,1.0,1.0,0.0
618,5844259,1.0,1.0,1.0,1.0,1.0,1.0,1.0,1.0,1.0
620,4073164,1.0,1.0,1.0,1.0,1.0,1.0,1.0,1.0,0.0
621,4306340,1.0,1.0,1.0,1.0,1.0,1.0,1.0,1.0,1.0
622,4042504,1.0,1.0,1.0,1.0,1.0,1.0,1.0,1.0,1.0
623,6683014,1.0,1.0,0.0,0.0,1.0,1.0,0.0,1.0,1.0
625,34758681,1.0,1.0,1.0,1.0,1.0,1.0,1.0,1.0,1.0
626,6907307,1.0,1.0,1.0,1.0,0.0,1.0,1.0,1.0,1.0
627,1110808,1.0,1.0,1.0,1.0,1.0,1.0,1.0,1.0,1.0
628,171226243,0.0,0.0,0.0,0.0,1.0,0.0,0.0,0.0,0.0
629,52616551,1.0,1.0,1.0,1.0,1.0,1.0,1.0,1.0,0.0
630,4705286,1.0,1.0,1.0,1.0,1.0,1.0,1.0,1.0,1.0
631,1294161,1.0,1.0,1.0,1.0,1.0,1.0,1.0,1.0,1.0
633,7058138,0.0,0.0,0.0,0.0,1.0,1.0,0.0,1.0,1.0
634,103250880,1.0,1.0,1.0,1.0,0.0,1.0,1.0,1.0,1.0
635,2766718,1.0,1.0,1.0,1.0,1.0,1.0,1.0,1.0,1.0
636,7699473,1.0,1.0,1.0,1.0,1.0,1.0,1.0,1.0,1.0
637,14458647,1.0,1.0,1.0,1.0,1.0,1.0,1.0,1.0,0.0
638,95061707,1.0,1.0,1.0,1.0,1.0,1.0,1.0,1.0,1.0
639,6270043,0.0,0.0,0.0,0.0,1.0,1.0,0.0,0.0,0.0
640,802470924,0.0,0.0,0.0,0.0,0.0,1.0,0.0,0.0,0.0
642,1329583,1.0,1.0,1.0,1.0,1.0,1.0,1.0,1.0,1.0
644,1290133,1.0,1.0,1.0,1.0,1.0,1.0,1.0,1.0,1.0
645,47589584,1.0,1.0,1.0,1.0,1.0,1.0,1.0,1.0,1.0
646,47589584,1.0,1.0,1.0,1.0,1.0,1.0,1.0,1.0,1.0
647,32984970,1.0,1.0,1.0,1.0,1.0,1.0,1.0,1.0,1.0
648,1073793,1.0,1.0,1.0,1.0,1.0,1.0,1.0,1.0,1.0
649,1073793,1.0,1.0,1.0,1.0,1.0,1.0,1.0,1.0,1.0
650,532114,0.0,0.0,0.0,0.0,0.0,0.0,0.0,0.0,0.0
651,532114,0.0,0.0,0.0,0.0,0.0,0.0,0.0,0.0,0.0
652,532114,0.0,0.0,0.0,0.0,0.0,0.0,0.0,0.0,0.0
653,532114,0.0,0.0,0.0,0.0,0.0,0.0,0.0,0.0,0.0
654,21640205,1.0,1.0,1.0,1.0,1.0,1.0,1.0,1.0,1.0
655,21640205,1.0,1.0,1.0,1.0,1.0,1.0,1.0,1.0,1.0
656,28574622,1.0,1.0,1.0,1.0,1.0,1.0,1.0,1.0,1.0
657,28574622,1.0,1.0,1.0,1.0,1.0,1.0,1.0,1.0,1.0
658,23189158,1.0,1.0,1.0,1.0,1.0,1.0,1.0,1.0,1.0
659,23189158,1.0,1.0,1.0,1.0,1.0,1.0,1.0,1.0,1.0
660,165232225,1.0,1.0,1.0,1.0,1.0,1.0,1.0,1.0,1.0
661,1027756732,1.0,1.0,1.0,1.0,1.0,1.0,1.0,1.0,1.0
662,1027756732,1.0,1.0,1.0,1.0,1.0,1.0,1.0,1.0,1.0
665,5585634,1.0,1.0,1.0,1.0,1.0,1.0,1.0,1.0,1.0
666,5585634,1.0,1.0,1.0,1.0,1.0,1.0,1.0,1.0,1.0
667,41579666,1.0,1.0,1.0,1.0,1.0,1.0,1.0,1.0,1.0
668,41579666,1.0,1.0,1.0,1.0,1.0,1.0,1.0,1.0,1.0
669,41579666,1.0,1.0,1.0,1.0,1.0,1.0,1.0,1.0,1.0
670,41579666,1.0,1.0,1.0,1.0,1.0,1.0,1.0,1.0,1.0
671,1030295,1.0,1.0,1.0,1.0,1.0,1.0,1.0,1.0,1.0
672,1030295,1.0,1.0,1.0,1.0,1.0,1.0,1.0,1.0,1.0
675,785450683,0.0,0.0,0.0,0.0,0.0,0.0,0.0,1.0,0.0
676,785450683,0.0,0.0,0.0,0.0,0.0,0.0,0.0,1.0,0.0
677,4389151,1.0,1.0,1.0,1.0,1.0,1.0,1.0,1.0,1.0
678,4389151,1.0,1.0,1.0,1.0,1.0,1.0,1.0,1.0,1.0
681,21905618,1.0,1.0,1.0,1.0,1.0,1.0,1.0,1.0,1.0
682,21905618,1.0,1.0,1.0,1.0,1.0,1.0,1.0,1.0,1.0
683,2405266,0.0,0.0,0.0,0.0,0.0,0.0,0.0,1.0,0.0
684,2405266,0.0,0.0,0.0,0.0,0.0,0.0,0.0,1.0,0.0
689,57463325,1.0,1.0,1.0,1.0,1.0,1.0,1.0,1.0,1.0
690,57463325,1.0,1.0,1.0,1.0,1.0,1.0,1.0,1.0,1.0
691,119381082,1.0,1.0,1.0,1.0,1.0,1.0,1.0,1.0,1.0
692,119381082,1.0,1.0,1.0,1.0,1.0,1.0,1.0,1.0,1.0
697,3337630,1.0,1.0,1.0,1.0,1.0,1.0,1.0,1.0,1.0
698,3337630,1.0,1.0,1.0,1.0,1.0,1.0,1.0,1.0,1.0
699,2427316,1.0,1.0,1.0,1.0,1.0,1.0,1.0,1.0,1.0
700,2427316,1.0,1.0,1.0,1.0,1.0,1.0,1.0,1.0,1.0
703,15901668,1.0,1.0,0.0,0.0,0.0,1.0,1.0,1.0,0.0
704,120992624,1.0,1.0,1.0,1.0,1.0,1.0,1.0,1.0,1.0
706,1440178,1.0,1.0,1.0,1.0,1.0,1.0,1.0,1.0,1.0
707,32434314,1.0,1.0,1.0,1.0,1.0,1.0,1.0,1.0,1.0
708,120949455,1.0,1.0,1.0,1.0,1.0,1.0,1.0,1.0,1.0
709,4618983,0.0,0.0,0.0,0.0,1.0,1.0,0.0,1.0,1.0
710,3987249,1.0,1.0,1.0,1.0,1.0,1.0,1.0,1.0,1.0
711,6947020,1.0,1.0,1.0,1.0,1.0,1.0,1.0,1.0,0.0
712,8248,1.0,1.0,1.0,1.0,1.0,1.0,1.0,1.0,1.0
714,10906665,0.0,0.0,0.0,0.0,1.0,1.0,0.0,0.0,1.0
715,8750576,1.0,1.0,0.0,0.0,1.0,1.0,1.0,1.0,1.0
717,14870569,1.0,1.0,1.0,1.0,1.0,1.0,1.0,1.0,1.0
718,47809355,1.0,1.0,1.0,1.0,1.0,0.0,1.0,1.0,0.0
721,4195923,1.0,1.0,1.0,1.0,1.0,1.0,1.0,1.0,1.0
722,2818176,1.0,1.0,1.0,1.0,1.0,1.0,1.0,1.0,1.0
727,7033618,1.0,1.0,1.0,1.0,1.0,1.0,1.0,1.0,1.0
729,71844,1.0,1.0,1.0,1.0,1.0,1.0,1.0,1.0,1.0
730,36320775,1.0,1.0,1.0,1.0,1.0,1.0,1.0,1.0,1.0
733,2075852,1.0,1.0,1.0,1.0,1.0,1.0,1.0,1.0,1.0
734,55354831,1.0,1.0,1.0,1.0,1.0,1.0,1.0,1.0,1.0
735,5508811,1.0,1.0,0.0,0.0,1.0,1.0,1.0,1.0,1.0
737,10420009,1.0,1.0,1.0,1.0,1.0,1.0,1.0,1.0,1.0
738,5211590,1.0,1.0,1.0,1.0,1.0,1.0,1.0,1.0,1.0
740,35622441,1.0,1.0,1.0,1.0,0.0,0.0,1.0,1.0,0.0
741,6850651,1.0,1.0,1.0,1.0,1.0,1.0,1.0,1.0,1.0
742,15551655,0.0,0.0,1.0,1.0,1.0,1.0,1.0,1.0,1.0
743,20453255,1.0,1.0,1.0,1.0,1.0,1.0,1.0,1.0,1.0
744,3638670,1.0,1.0,1.0,1.0,1.0,1.0,1.0,1.0,1.0
745,4570913,1.0,1.0,1.0,1.0,1.0,1.0,1.0,1.0,1.0
746,3037898,1.0,1.0,1.0,1.0,1.0,1.0,1.0,1.0,1.0
747,131377340,1.0,1.0,1.0,1.0,1.0,1.0,1.0,1.0,1.0
748,2483035,1.0,1.0,1.0,1.0,1.0,1.0,1.0,1.0,1.0
749,2950791,1.0,1.0,0.0,0.0,1.0,1.0,1.0,1.0,1.0
750,18560433,1.0,1.0,0.0,0.0,1.0,1.0,0.0,1.0,0.0
751,3551,1.0,1.0,1.0,1.0,1.0,1.0,1.0,1.0,1.0
752,37904489,1.0,1.0,1.0,1.0,1.0,1.0,1.0,1.0,1.0
754,102731,1.0,1.0,1.0,1.0,1.0,1.0,1.0,1.0,1.0
755,6225433,1.0,1.0,1.0,1.0,1.0,1.0,1.0,1.0,1.0
757,57738928,1.0,1.0,1.0,1.0,1.0,1.0,1.0,1.0,1.0
758,31664778,1.0,1.0,1.0,1.0,1.0,1.0,1.0,1.0,0.0
759,1041357,1.0,1.0,1.0,1.0,1.0,1.0,1.0,1.0,1.0
761,48281710,1.0,1.0,1.0,1.0,1.0,1.0,1.0,1.0,1.0
762,77589805,1.0,1.0,1.0,1.0,1.0,1.0,1.0,1.0,1.0
763,13839247,1.0,1.0,1.0,1.0,1.0,1.0,1.0,1.0,1.0
764,129329378,1.0,1.0,1.0,1.0,1.0,1.0,1.0,1.0,0.0
766,14666933,1.0,1.0,1.0,1.0,1.0,1.0,1.0,1.0,1.0
767,1316149,1.0,1.0,1.0,1.0,1.0,1.0,1.0,1.0,1.0
768,6052341,1.0,1.0,1.0,1.0,1.0,1.0,1.0,1.0,1.0
769,3435408,1.0,1.0,1.0,1.0,1.0,1.0,1.0,1.0,1.0
770,118043460,1.0,1.0,1.0,1.0,1.0,1.0,1.0,1.0,0.0
771,12809212,1.0,1.0,1.0,1.0,1.0,1.0,1.0,1.0,1.0
773,13100837,1.0,1.0,1.0,1.0,1.0,1.0,1.0,1.0,1.0
775,28412792,1.0,1.0,1.0,1.0,1.0,1.0,1.0,1.0,0.0
776,24602299,1.0,1.0,1.0,1.0,1.0,1.0,1.0,1.0,1.0
777,102910,1.0,1.0,1.0,1.0,1.0,1.0,1.0,1.0,1.0
778,188207115,1.0,1.0,1.0,1.0,1.0,1.0,1.0,1.0,1.0
779,44145840,1.0,1.0,1.0,1.0,1.0,1.0,1.0,1.0,1.0
781,5986486,1.0,1.0,1.0,1.0,1.0,1.0,1.0,1.0,1.0
782,6282552,1.0,1.0,1.0,1.0,1.0,1.0,1.0,1.0,1.0
783,24806006,0.0,0.0,0.0,0.0,1.0,1.0,0.0,1.0,0.0
784,26725441,0.0,0.0,0.0,0.0,1.0,1.0,0.0,1.0,0.0
785,3167206,1.0,1.0,1.0,1.0,1.0,1.0,1.0,1.0,1.0
786,112193257,1.0,1.0,1.0,1.0,1.0,1.0,1.0,1.0,1.0
787,116858165,1.0,1.0,1.0,1.0,1.0,1.0,1.0,1.0,1.0
788,31470081,1.0,1.0,1.0,1.0,1.0,1.0,1.0,1.0,1.0
789,48787130,1.0,1.0,1.0,1.0,1.0,1.0,1.0,1.0,1.0
790,2754074,1.0,1.0,1.0,1.0,1.0,1.0,1.0,1.0,1.0
791,23868861,1.0,1.0,1.0,1.0,1.0,1.0,1.0,1.0,1.0
792,679059,1.0,1.0,1.0,1.0,1.0,1.0,1.0,1.0,1.0
793,706355,1.0,1.0,1.0,1.0,1.0,1.0,1.0,1.0,1.0
795,19189291,1.0,1.0,1.0,1.0,1.0,1.0,1.0,1.0,1.0
798,1565933,1.0,1.0,1.0,1.0,1.0,1.0,1.0,1.0,1.0
799,17538433,1.0,1.0,1.0,1.0,1.0,1.0,1.0,1.0,1.0
800,112303194,1.0,1.0,1.0,1.0,1.0,1.0,1.0,1.0,0.0
801,50245306,1.0,1.0,1.0,1.0,1.0,1.0,1.0,1.0,1.0
803,14548984,1.0,1.0,1.0,1.0,1.0,1.0,1.0,1.0,1.0
804,878352900,1.0,1.0,1.0,1.0,1.0,1.0,1.0,1.0,0.0
805,4762664,1.0,1.0,1.0,1.0,1.0,0.0,1.0,1.0,1.0
807,1560347,1.0,1.0,1.0,1.0,0.0,1.0,1.0,0.0,0.0
808,1387555,1.0,1.0,1.0,1.0,1.0,1.0,1.0,1.0,1.0
809,16952231,1.0,1.0,1.0,1.0,1.0,1.0,1.0,1.0,1.0
811,289814,1.0,1.0,1.0,1.0,1.0,1.0,1.0,1.0,1.0
812,38630175,0.0,0.0,0.0,0.0,1.0,1.0,0.0,0.0,0.0
813,2091499,1.0,1.0,1.0,1.0,1.0,1.0,1.0,1.0,0.0
815,38606638,1.0,1.0,1.0,1.0,1.0,1.0,1.0,1.0,1.0
816,2856724,1.0,1.0,1.0,1.0,1.0,1.0,1.0,1.0,1.0
817,2357981,0.0,0.0,0.0,0.0,1.0,1.0,0.0,0.0,1.0
818,4770890,1.0,1.0,1.0,1.0,1.0,1.0,1.0,1.0,1.0
820,54766566,1.0,1.0,1.0,1.0,1.0,1.0,1.0,1.0,1.0
821,8986487,1.0,1.0,1.0,1.0,1.0,1.0,1.0,1.0,1.0
822,10219578,1.0,1.0,1.0,1.0,1.0,1.0,1.0,1.0,1.0
823,41542833,1.0,1.0,1.0,1.0,1.0,1.0,1.0,1.0,1.0
824,27765011,1.0,1.0,1.0,1.0,1.0,1.0,1.0,1.0,1.0
825,110433701,1.0,1.0,1.0,1.0,1.0,1.0,1.0,1.0,1.0
826,3052294,1.0,1.0,1.0,1.0,1.0,1.0,1.0,1.0,1.0
827,7485014,1.0,1.0,1.0,1.0,1.0,1.0,1.0,1.0,1.0
828,14278566,1.0,1.0,1.0,1.0,1.0,1.0,1.0,1.0,0.0
829,6631061,1.0,1.0,1.0,1.0,1.0,1.0,1.0,1.0,0.0
830,8907345,1.0,1.0,1.0,1.0,1.0,1.0,1.0,1.0,1.0
831,14628928,1.0,1.0,1.0,1.0,1.0,1.0,1.0,1.0,1.0
832,821611467,1.0,1.0,1.0,1.0,1.0,1.0,1.0,1.0,1.0
833,528208,1.0,1.0,1.0,1.0,1.0,1.0,1.0,1.0,1.0
834,10195082,1.0,1.0,1.0,1.0,1.0,1.0,1.0,1.0,1.0
835,110369781,1.0,1.0,1.0,1.0,1.0,1.0,1.0,1.0,1.0
836,215024,1.0,1.0,1.0,1.0,1.0,1.0,1.0,1.0,0.0
837,5408410,1.0,1.0,1.0,1.0,1.0,1.0,1.0,1.0,1.0
838,2825426,1.0,1.0,1.0,1.0,1.0,1.0,1.0,1.0,1.0
839,3492320,0.0,0.0,0.0,0.0,0.0,1.0,0.0,0.0,0.0
840,6667183,1.0,1.0,1.0,1.0,1.0,1.0,1.0,1.0,1.0
841,30087856,1.0,1.0,1.0,1.0,1.0,1.0,1.0,1.0,1.0
843,2660746,1.0,1.0,1.0,1.0,1.0,1.0,1.0,1.0,1.0
844,14560361,0.0,0.0,0.0,0.0,1.0,1.0,0.0,1.0,1.0
845,2600011,1.0,1.0,1.0,1.0,0.0,1.0,1.0,1.0,1.0
846,2025795,1.0,1.0,1.0,1.0,1.0,1.0,1.0,1.0,1.0
847,32934865,1.0,1.0,1.0,1.0,1.0,1.0,1.0,1.0,1.0
849,38817787,0.0,0.0,1.0,1.0,1.0,1.0,1.0,1.0,1.0
850,12873524,1.0,1.0,1.0,1.0,1.0,1.0,1.0,1.0,0.0
851,15804165,1.0,1.0,1.0,1.0,1.0,1.0,1.0,1.0,1.0
852,36606761,1.0,1.0,1.0,1.0,1.0,1.0,1.0,1.0,1.0
853,30857572,1.0,1.0,1.0,1.0,1.0,1.0,1.0,1.0,1.0
854,866854,1.0,1.0,1.0,1.0,0.0,1.0,1.0,1.0,1.0
855,12790860,1.0,1.0,1.0,1.0,1.0,1.0,1.0,1.0,1.0
856,5418816,1.0,1.0,1.0,1.0,1.0,1.0,1.0,1.0,1.0
857,862802,1.0,1.0,1.0,1.0,1.0,1.0,1.0,1.0,0.0
859,3502713,1.0,1.0,1.0,1.0,1.0,1.0,1.0,1.0,1.0
860,193550541,1.0,1.0,1.0,1.0,1.0,1.0,1.0,1.0,1.0
861,1363128,1.0,1.0,1.0,1.0,1.0,1.0,1.0,1.0,1.0
862,8137958,0.0,0.0,1.0,1.0,1.0,1.0,1.0,0.0,0.0
863,41570403,1.0,1.0,1.0,1.0,1.0,1.0,1.0,1.0,1.0
864,15853703,1.0,1.0,1.0,1.0,1.0,1.0,1.0,1.0,1.0
866,4072255,1.0,1.0,1.0,1.0,1.0,1.0,1.0,1.0,1.0
867,870417538,1.0,1.0,1.0,1.0,1.0,1.0,1.0,1.0,0.0
868,34568608,1.0,1.0,1.0,1.0,1.0,1.0,1.0,1.0,1.0
869,3478625,1.0,1.0,1.0,1.0,1.0,1.0,1.0,1.0,1.0
871,120891368,1.0,1.0,1.0,1.0,1.0,1.0,1.0,1.0,0.0
872,10610725,1.0,1.0,1.0,1.0,1.0,1.0,1.0,1.0,1.0
873,4709026,1.0,1.0,1.0,1.0,1.0,1.0,1.0,1.0,1.0
875,2851093,1.0,1.0,1.0,1.0,1.0,1.0,1.0,1.0,1.0
876,818483885,1.0,1.0,1.0,1.0,1.0,1.0,1.0,1.0,1.0
877,7773720,1.0,1.0,1.0,1.0,1.0,1.0,1.0,1.0,1.0
879,40432405,1.0,1.0,1.0,1.0,1.0,1.0,1.0,1.0,1.0
880,2466773,1.0,1.0,1.0,1.0,1.0,1.0,1.0,1.0,1.0
881,9098560,0.0,0.0,0.0,0.0,0.0,1.0,0.0,0.0,1.0
882,25264476,1.0,1.0,1.0,1.0,1.0,1.0,1.0,1.0,1.0
884,2957260,1.0,1.0,0.0,0.0,0.0,1.0,1.0,1.0,1.0
887,256158,1.0,1.0,1.0,1.0,1.0,1.0,1.0,1.0,1.0
888,102857505,0.0,0.0,0.0,0.0,0.0,1.0,0.0,0.0,0.0
889,5175610,1.0,1.0,1.0,1.0,1.0,1.0,1.0,1.0,1.0
890,64511262,1.0,1.0,1.0,1.0,1.0,1.0,1.0,1.0,1.0
891,38874845,0.0,0.0,0.0,0.0,1.0,0.0,0.0,0.0,0.0
892,4719435,1.0,1.0,1.0,1.0,1.0,1.0,1.0,1.0,1.0
893,55547914,1.0,1.0,1.0,1.0,1.0,1.0,1.0,1.0,0.0
894,2124522,1.0,1.0,1.0,1.0,1.0,1.0,1.0,1.0,1.0
895,766099380,1.0,1.0,1.0,1.0,1.0,1.0,1.0,1.0,1.0
896,5349101,1.0,1.0,1.0,1.0,1.0,1.0,1.0,1.0,1.0
897,1346341,1.0,1.0,1.0,1.0,1.0,1.0,1.0,1.0,1.0
898,48942129,0.0,0.0,0.0,0.0,1.0,1.0,0.0,1.0,1.0
899,3824212,1.0,1.0,1.0,1.0,1.0,1.0,1.0,1.0,1.0
900,3069269,1.0,1.0,1.0,1.0,1.0,1.0,1.0,1.0,0.0
901,821618812,1.0,1.0,1.0,1.0,1.0,1.0,1.0,1.0,1.0
902,19742297,1.0,1.0,1.0,1.0,0.0,1.0,1.0,0.0,0.0
903,10613183,1.0,1.0,1.0,1.0,0.0,1.0,1.0,1.0,1.0
904,6193955,1.0,1.0,1.0,1.0,1.0,1.0,1.0,1.0,1.0
905,22928025,1.0,1.0,1.0,1.0,1.0,1.0,1.0,1.0,1.0
906,19205665,0.0,0.0,0.0,0.0,1.0,1.0,0.0,0.0,1.0
907,16229928,1.0,1.0,1.0,1.0,1.0,1.0,1.0,1.0,1.0
908,5629027,0.0,0.0,0.0,0.0,1.0,1.0,0.0,1.0,1.0
909,37078290,1.0,1.0,1.0,1.0,1.0,1.0,1.0,1.0,1.0
910,2699468,1.0,1.0,1.0,1.0,1.0,0.0,1.0,1.0,1.0
913,13500853,1.0,1.0,1.0,1.0,1.0,1.0,1.0,1.0,1.0
914,4734023,1.0,1.0,1.0,1.0,0.0,1.0,1.0,1.0,0.0
915,2300305,1.0,1.0,1.0,1.0,1.0,1.0,1.0,1.0,1.0
916,20522194,1.0,1.0,0.0,0.0,1.0,1.0,0.0,0.0,1.0
917,19884,1.0,1.0,1.0,1.0,1.0,1.0,1.0,1.0,1.0
919,6806862,0.0,0.0,0.0,0.0,1.0,1.0,0.0,1.0,0.0
920,14696504,0.0,0.0,0.0,0.0,1.0,1.0,0.0,0.0,0.0
921,5268359,1.0,1.0,1.0,1.0,1.0,1.0,1.0,1.0,1.0
923,143809,1.0,1.0,1.0,1.0,1.0,1.0,1.0,1.0,1.0
924,718356,1.0,1.0,1.0,1.0,1.0,1.0,1.0,1.0,1.0
925,248073,1.0,1.0,1.0,1.0,1.0,1.0,1.0,1.0,1.0
926,46896842,0.0,0.0,0.0,0.0,1.0,1.0,0.0,0.0,0.0
927,11082491,1.0,1.0,1.0,1.0,1.0,1.0,1.0,1.0,0.0
928,38184630,1.0,1.0,1.0,1.0,1.0,1.0,1.0,1.0,1.0
929,31123989,1.0,1.0,1.0,1.0,1.0,1.0,1.0,1.0,1.0
930,4294896,1.0,1.0,1.0,1.0,0.0,1.0,1.0,1.0,1.0
931,17986582,1.0,1.0,1.0,1.0,1.0,1.0,1.0,1.0,1.0
932,1341787,1.0,1.0,1.0,1.0,1.0,1.0,1.0,1.0,0.0
933,4914301,0.0,0.0,0.0,0.0,0.0,0.0,0.0,0.0,0.0
934,27671676,1.0,1.0,1.0,1.0,1.0,1.0,1.0,1.0,1.0
935,612905,1.0,1.0,1.0,1.0,1.0,1.0,1.0,1.0,1.0
937,16826613,1.0,1.0,1.0,1.0,1.0,1.0,1.0,1.0,1.0
938,13506764,1.0,1.0,1.0,1.0,1.0,1.0,1.0,1.0,1.0
939,30473879,1.0,1.0,1.0,1.0,1.0,1.0,1.0,1.0,1.0
940,7639195,1.0,1.0,1.0,1.0,1.0,1.0,1.0,1.0,1.0
941,7542307,1.0,1.0,0.0,0.0,0.0,0.0,1.0,1.0,1.0
942,1131980,1.0,1.0,1.0,1.0,1.0,1.0,1.0,1.0,1.0
943,7050222,1.0,1.0,1.0,1.0,1.0,1.0,1.0,1.0,1.0
944,2887189,1.0,1.0,1.0,1.0,1.0,1.0,1.0,1.0,0.0
945,12840403,1.0,1.0,1.0,1.0,1.0,1.0,1.0,1.0,1.0
947,33337017,0.0,0.0,0.0,0.0,0.0,0.0,0.0,0.0,0.0
948,2228615,1.0,1.0,1.0,1.0,1.0,1.0,1.0,1.0,1.0
949,2674313,1.0,1.0,1.0,1.0,1.0,1.0,1.0,1.0,1.0
950,465131972,1.0,1.0,1.0,1.0,1.0,1.0,1.0,1.0,1.0
951,8416692,1.0,1.0,1.0,1.0,1.0,1.0,1.0,1.0,1.0
952,28695837,1.0,1.0,1.0,1.0,1.0,1.0,1.0,1.0,1.0
953,14367208,1.0,1.0,1.0,1.0,1.0,1.0,1.0,1.0,0.0
954,3030062,1.0,1.0,1.0,1.0,1.0,1.0,1.0,1.0,1.0
956,1225674,0.0,0.0,0.0,0.0,0.0,0.0,0.0,0.0,0.0
958,1310448,1.0,1.0,1.0,1.0,1.0,1.0,1.0,1.0,1.0
959,49228212,1.0,1.0,1.0,1.0,1.0,0.0,1.0,1.0,1.0
960,5389934,1.0,1.0,1.0,1.0,1.0,1.0,1.0,1.0,1.0
961,29803,1.0,1.0,1.0,1.0,1.0,1.0,1.0,1.0,1.0
962,4507791,1.0,1.0,1.0,1.0,1.0,1.0,1.0,1.0,1.0
963,14460249,1.0,1.0,1.0,1.0,1.0,1.0,1.0,1.0,1.0
964,30125291,1.0,1.0,1.0,1.0,1.0,1.0,1.0,1.0,1.0
965,5039226,1.0,1.0,1.0,1.0,1.0,1.0,1.0,1.0,1.0
966,23374169,1.0,1.0,1.0,1.0,1.0,1.0,1.0,1.0,0.0
967,6910587,1.0,1.0,1.0,1.0,1.0,1.0,1.0,1.0,1.0
969,33166307,1.0,1.0,1.0,1.0,1.0,1.0,1.0,1.0,1.0
970,33301294,1.0,1.0,1.0,1.0,1.0,1.0,1.0,1.0,1.0
971,4569309,1.0,1.0,0.0,0.0,1.0,1.0,1.0,1.0,0.0
973,3513342,1.0,1.0,1.0,1.0,1.0,1.0,1.0,1.0,1.0
975,3046481,0.0,0.0,0.0,0.0,0.0,0.0,0.0,0.0,0.0
976,997221,0.0,0.0,0.0,0.0,0.0,0.0,0.0,0.0,0.0
977,32536312,1.0,1.0,1.0,1.0,1.0,1.0,1.0,1.0,1.0
978,342267,1.0,1.0,1.0,1.0,1.0,1.0,1.0,1.0,1.0
979,2765524,1.0,1.0,1.0,1.0,1.0,1.0,1.0,1.0,0.0
981,15623792,1.0,1.0,1.0,1.0,1.0,1.0,1.0,1.0,1.0
982,31462983,1.0,1.0,0.0,0.0,1.0,1.0,1.0,1.0,0.0
983,2786821,1.0,1.0,1.0,1.0,1.0,1.0,1.0,1.0,1.0
984,3874255,1.0,1.0,1.0,1.0,1.0,1.0,1.0,1.0,1.0
985,5727966,1.0,1.0,0.0,0.0,1.0,1.0,1.0,1.0,1.0
986,110119941,1.0,1.0,1.0,1.0,1.0,1.0,1.0,1.0,1.0
988,10517132,1.0,1.0,1.0,1.0,1.0,1.0,1.0,1.0,1.0
989,14953360,1.0,1.0,1.0,1.0,1.0,1.0,1.0,1.0,1.0
990,6266822,1.0,1.0,1.0,1.0,1.0,1.0,1.0,1.0,1.0
991,45159433,1.0,1.0,0.0,0.0,1.0,1.0,1.0,1.0,0.0
992,4278853,1.0,1.0,1.0,1.0,1.0,1.0,1.0,1.0,1.0
994,763867514,1.0,1.0,1.0,1.0,1.0,1.0,1.0,1.0,1.0
995,1089042182,1.0,1.0,1.0,1.0,1.0,0.0,1.0,1.0,0.0
996,43273039,1.0,1.0,1.0,1.0,1.0,1.0,1.0,1.0,1.0
998,3857889,1.0,1.0,1.0,1.0,1.0,1.0,1.0,1.0,1.0
999,25840991,1.0,1.0,1.0,1.0,1.0,1.0,1.0,1.0,0.0
1000,585680,1.0,1.0,1.0,1.0,1.0,0.0,1.0,1.0,1.0
1001,370228,1.0,1.0,0.0,0.0,1.0,1.0,1.0,1.0,1.0
1003,41778478,1.0,1.0,1.0,1.0,1.0,1.0,1.0,1.0,1.0
1005,63954549,1.0,1.0,1.0,1.0,1.0,1.0,1.0,1.0,1.0
1008,8843401,1.0,1.0,1.0,1.0,1.0,1.0,1.0,1.0,1.0
1009,25499480,1.0,1.0,1.0,1.0,1.0,1.0,1.0,1.0,1.0
1010,438215,1.0,1.0,1.0,1.0,1.0,1.0,1.0,1.0,1.0
1011,795118387,1.0,1.0,1.0,1.0,1.0,1.0,1.0,1.0,1.0
1012,14426221,1.0,1.0,1.0,1.0,1.0,1.0,1.0,1.0,1.0
1014,86608,1.0,1.0,1.0,1.0,1.0,1.0,1.0,1.0,1.0
1015,7200310,1.0,1.0,1.0,1.0,1.0,1.0,1.0,1.0,1.0
1016,3828859,0.0,0.0,0.0,0.0,0.0,0.0,0.0,0.0,0.0
1017,14481937,1.0,1.0,1.0,1.0,1.0,0.0,1.0,1.0,1.0
1018,79913861,1.0,1.0,1.0,1.0,1.0,1.0,1.0,1.0,1.0
1019,11785,1.0,1.0,1.0,1.0,1.0,1.0,1.0,1.0,1.0
1020,3291933,1.0,1.0,1.0,1.0,1.0,1.0,1.0,1.0,1.0
1021,5686356,1.0,1.0,1.0,1.0,1.0,1.0,1.0,1.0,1.0
1025,127003391,1.0,1.0,1.0,1.0,1.0,1.0,1.0,1.0,1.0
1026,30624371,1.0,1.0,1.0,1.0,1.0,1.0,1.0,1.0,1.0
1028,24759904,1.0,1.0,1.0,1.0,1.0,1.0,1.0,1.0,1.0
1029,138316617,1.0,1.0,1.0,1.0,1.0,1.0,1.0,1.0,0.0
1032,2554824,0.0,0.0,0.0,0.0,1.0,1.0,0.0,0.0,0.0
1033,3024883,1.0,1.0,1.0,1.0,0.0,1.0,1.0,1.0,1.0
1034,22873524,1.0,1.0,1.0,1.0,0.0,1.0,1.0,1.0,1.0
1035,8463836,1.0,1.0,1.0,1.0,1.0,1.0,1.0,1.0,1.0
1036,807030282,1.0,1.0,1.0,1.0,1.0,1.0,1.0,1.0,1.0
1037,4976558,0.0,0.0,0.0,0.0,1.0,1.0,0.0,0.0,0.0
1038,11347048,1.0,1.0,1.0,1.0,1.0,1.0,1.0,1.0,1.0
1040,43926970,1.0,1.0,1.0,1.0,1.0,1.0,1.0,1.0,1.0
1041,20200482,1.0,1.0,1.0,1.0,1.0,1.0,1.0,1.0,1.0
1043,11349145,1.0,1.0,1.0,1.0,1.0,1.0,1.0,1.0,1.0
1044,21601350,1.0,1.0,1.0,1.0,1.0,1.0,1.0,1.0,1.0
1046,14038931,0.0,0.0,0.0,0.0,1.0,1.0,0.0,0.0,0.0
1047,386528824,1.0,1.0,0.0,0.0,1.0,0.0,1.0,1.0,0.0
1048,13637506,0.0,0.0,0.0,0.0,1.0,1.0,0.0,1.0,0.0
1049,1003318319,0.0,0.0,0.0,0.0,1.0,1.0,0.0,0.0,1.0
1050,167159969,1.0,1.0,1.0,1.0,1.0,1.0,1.0,1.0,1.0
1051,6314579,1.0,1.0,1.0,1.0,1.0,1.0,1.0,1.0,1.0
1052,13745,1.0,1.0,1.0,1.0,1.0,1.0,1.0,1.0,1.0
1053,2704734,1.0,1.0,1.0,1.0,1.0,1.0,1.0,1.0,0.0
1054,1051294272,1.0,1.0,1.0,1.0,1.0,1.0,1.0,1.0,1.0
1055,14430380,1.0,1.0,1.0,1.0,1.0,1.0,1.0,1.0,1.0
1057,25257030,1.0,1.0,1.0,1.0,1.0,1.0,1.0,1.0,1.0
1058,54474258,1.0,1.0,1.0,1.0,1.0,1.0,1.0,1.0,1.0
1059,263546,1.0,1.0,1.0,1.0,1.0,1.0,1.0,1.0,1.0
1060,21569823,1.0,1.0,1.0,1.0,1.0,1.0,1.0,1.0,0.0
1061,20976844,1.0,1.0,1.0,1.0,1.0,1.0,1.0,1.0,0.0
1062,5567168,1.0,1.0,1.0,1.0,1.0,1.0,1.0,1.0,0.0
1063,41083292,1.0,1.0,1.0,1.0,1.0,1.0,1.0,1.0,1.0
1064,7051157,1.0,1.0,1.0,1.0,1.0,1.0,1.0,1.0,1.0
1066,58146209,1.0,1.0,1.0,1.0,1.0,1.0,1.0,1.0,1.0
1067,182549185,1.0,1.0,1.0,1.0,1.0,1.0,1.0,1.0,1.0
1068,24795337,1.0,1.0,1.0,1.0,1.0,1.0,1.0,1.0,1.0
1071,1389097,1.0,1.0,1.0,1.0,1.0,1.0,1.0,1.0,1.0
1072,416090,1.0,1.0,1.0,1.0,0.0,1.0,1.0,1.0,1.0
1074,14172284,1.0,1.0,1.0,1.0,1.0,1.0,1.0,1.0,1.0
1075,42562162,0.0,0.0,0.0,0.0,1.0,0.0,0.0,1.0,1.0
1076,8776515,1.0,1.0,1.0,1.0,1.0,0.0,1.0,1.0,1.0
1077,2901670,1.0,1.0,1.0,1.0,1.0,1.0,1.0,1.0,1.0
1079,781468086,1.0,1.0,1.0,1.0,1.0,1.0,1.0,1.0,1.0
1080,3933596,1.0,1.0,1.0,1.0,1.0,1.0,1.0,1.0,1.0
1081,7510901,1.0,1.0,1.0,1.0,1.0,1.0,1.0,1.0,1.0
1082,6535573,1.0,1.0,1.0,1.0,1.0,1.0,1.0,1.0,1.0
1083,19188134,1.0,1.0,1.0,1.0,1.0,1.0,1.0,1.0,1.0
1084,13972555,0.0,0.0,0.0,0.0,1.0,1.0,0.0,0.0,0.0
1085,1212416,0.0,0.0,0.0,0.0,0.0,1.0,0.0,0.0,0.0
1086,12979106,1.0,1.0,1.0,1.0,1.0,1.0,1.0,1.0,1.0
1087,10309576,1.0,1.0,1.0,1.0,1.0,1.0,1.0,1.0,1.0
1088,1349373,0.0,0.0,0.0,0.0,1.0,1.0,0.0,1.0,1.0
1089,2017367,1.0,1.0,1.0,1.0,1.0,1.0,1.0,1.0,1.0
1090,2850433,1.0,1.0,1.0,1.0,1.0,1.0,1.0,1.0,1.0
1091,1991157,1.0,1.0,1.0,1.0,1.0,1.0,1.0,1.0,1.0
1092,3031730,1.0,1.0,1.0,1.0,1.0,1.0,1.0,1.0,1.0
1093,6665747,1.0,1.0,1.0,1.0,1.0,1.0,1.0,1.0,1.0
1094,763060061,0.0,0.0,0.0,0.0,1.0,1.0,0.0,1.0,1.0
1095,9175260,0.0,0.0,0.0,0.0,1.0,1.0,0.0,0.0,0.0
1096,3683009,1.0,1.0,1.0,1.0,1.0,1.0,1.0,1.0,1.0
1097,374320,1.0,1.0,1.0,1.0,1.0,1.0,1.0,1.0,1.0
1098,13806520,1.0,1.0,1.0,1.0,0.0,1.0,1.0,1.0,1.0
1099,27563393,1.0,1.0,1.0,1.0,1.0,1.0,1.0,1.0,1.0
1101,26444041,1.0,1.0,0.0,0.0,0.0,1.0,1.0,1.0,1.0
1102,24530472,1.0,1.0,0.0,0.0,1.0,1.0,1.0,1.0,0.0
1103,19103987,1.0,1.0,1.0,1.0,1.0,1.0,1.0,1.0,1.0
1104,10545449,1.0,1.0,1.0,1.0,1.0,1.0,1.0,1.0,1.0
1105,103563785,1.0,1.0,1.0,1.0,1.0,1.0,1.0,1.0,0.0
1107,5635289,0.0,0.0,0.0,0.0,1.0,1.0,0.0,0.0,0.0
1108,776842941,1.0,1.0,1.0,1.0,1.0,1.0,1.0,1.0,1.0
1109,7275962,1.0,1.0,1.0,1.0,1.0,1.0,1.0,1.0,1.0
1110,21545376,1.0,1.0,1.0,1.0,1.0,1.0,1.0,1.0,1.0
1111,2511852,1.0,1.0,1.0,1.0,1.0,1.0,1.0,1.0,1.0
1112,4681397,1.0,1.0,1.0,1.0,1.0,1.0,1.0,1.0,0.0
1113,1845437,1.0,1.0,1.0,1.0,1.0,1.0,1.0,1.0,1.0
1114,1442900,0.0,0.0,0.0,0.0,0.0,1.0,0.0,1.0,0.0
1115,37043736,1.0,1.0,1.0,1.0,1.0,1.0,1.0,1.0,1.0
1116,26218873,1.0,1.0,1.0,1.0,0.0,1.0,1.0,1.0,1.0
1117,16552386,1.0,1.0,1.0,1.0,1.0,1.0,1.0,1.0,1.0
1118,364756,1.0,1.0,1.0,1.0,1.0,1.0,1.0,1.0,1.0
1119,18957054,1.0,1.0,1.0,1.0,1.0,1.0,1.0,1.0,1.0
1120,17594203,1.0,1.0,1.0,1.0,1.0,1.0,1.0,1.0,1.0
1121,19237305,1.0,1.0,1.0,1.0,1.0,1.0,1.0,1.0,1.0
1122,4189252,1.0,1.0,1.0,1.0,1.0,1.0,1.0,1.0,1.0
1123,3290206,1.0,1.0,1.0,1.0,0.0,1.0,1.0,1.0,1.0
1125,25194595,1.0,1.0,1.0,1.0,1.0,1.0,1.0,1.0,1.0
1126,105575354,1.0,1.0,1.0,1.0,1.0,1.0,1.0,1.0,0.0
1127,80165288,0.0,0.0,0.0,0.0,1.0,1.0,0.0,0.0,0.0
1128,1122282,1.0,1.0,1.0,1.0,1.0,1.0,1.0,1.0,1.0
1129,32058751,1.0,1.0,1.0,1.0,1.0,1.0,1.0,1.0,1.0
1130,8609899,1.0,1.0,1.0,1.0,0.0,1.0,1.0,1.0,1.0
1131,3717163,1.0,1.0,1.0,1.0,1.0,1.0,1.0,1.0,0.0
1132,13730579,1.0,1.0,1.0,1.0,1.0,1.0,1.0,1.0,1.0
1133,22696414,1.0,1.0,1.0,1.0,1.0,1.0,1.0,1.0,1.0
1135,38173553,1.0,1.0,1.0,1.0,0.0,1.0,1.0,1.0,0.0
1138,636153,1.0,1.0,1.0,1.0,1.0,1.0,1.0,1.0,1.0
1140,811977,1.0,1.0,1.0,1.0,1.0,1.0,1.0,1.0,1.0
1141,2742743,1.0,1.0,0.0,0.0,0.0,1.0,1.0,1.0,1.0
1142,35763774,1.0,1.0,1.0,1.0,1.0,1.0,1.0,1.0,1.0
1145,9134441,0.0,0.0,1.0,1.0,0.0,1.0,0.0,0.0,1.0
1149,268140,1.0,1.0,1.0,1.0,1.0,1.0,1.0,1.0,1.0
1151,664930,1.0,1.0,1.0,1.0,1.0,1.0,1.0,1.0,1.0
1152,11377027,1.0,1.0,0.0,0.0,1.0,1.0,1.0,1.0,1.0
1153,26468882,1.0,1.0,1.0,1.0,1.0,1.0,1.0,1.0,1.0
1156,65628655,1.0,1.0,1.0,1.0,1.0,1.0,1.0,1.0,1.0
1158,571425,1.0,1.0,1.0,1.0,1.0,1.0,1.0,1.0,1.0
1159,65208044,0.0,0.0,0.0,0.0,1.0,0.0,0.0,0.0,1.0
1160,4561176,0.0,0.0,0.0,0.0,1.0,1.0,0.0,0.0,0.0
1161,2368164,1.0,1.0,1.0,1.0,1.0,1.0,1.0,1.0,0.0
1163,5040884,1.0,1.0,1.0,1.0,1.0,1.0,1.0,1.0,1.0
1164,326623038,1.0,1.0,1.0,1.0,0.0,1.0,1.0,1.0,1.0
1165,21891961,1.0,1.0,1.0,1.0,1.0,1.0,1.0,1.0,1.0
1167,4021346,1.0,1.0,1.0,1.0,1.0,1.0,1.0,1.0,0.0
1168,650966,0.0,0.0,1.0,1.0,0.0,1.0,1.0,1.0,0.0
1169,10168840,1.0,1.0,1.0,1.0,1.0,1.0,1.0,1.0,1.0
1170,988963,1.0,1.0,1.0,1.0,1.0,1.0,1.0,1.0,1.0
1171,570632,1.0,1.0,1.0,1.0,1.0,1.0,1.0,1.0,1.0
1173,1076553,1.0,1.0,1.0,1.0,1.0,1.0,1.0,1.0,1.0
1174,6754527,1.0,1.0,1.0,1.0,1.0,1.0,1.0,1.0,1.0
1175,2205483,0.0,0.0,0.0,0.0,1.0,1.0,0.0,1.0,1.0
1176,1463398,1.0,1.0,1.0,1.0,1.0,1.0,1.0,1.0,1.0
1179,4983373,1.0,1.0,1.0,1.0,1.0,1.0,1.0,1.0,1.0
1181,8447945,1.0,1.0,1.0,1.0,0.0,1.0,1.0,1.0,0.0
1183,3763547,0.0,0.0,0.0,0.0,1.0,1.0,0.0,0.0,0.0
1184,2726861,0.0,0.0,0.0,0.0,1.0,1.0,0.0,0.0,0.0
1185,18508197,1.0,1.0,1.0,1.0,1.0,1.0,1.0,1.0,0.0
1186,339334,1.0,1.0,0.0,0.0,0.0,1.0,1.0,1.0,0.0
1187,20492370,1.0,1.0,1.0,1.0,1.0,1.0,1.0,1.0,1.0
1188,33918942,1.0,1.0,0.0,0.0,1.0,1.0,1.0,1.0,1.0
1190,7159691,1.0,1.0,1.0,1.0,1.0,1.0,1.0,1.0,0.0
1191,3086098,1.0,1.0,1.0,1.0,1.0,1.0,1.0,1.0,0.0
1192,3238282,1.0,1.0,1.0,1.0,1.0,1.0,1.0,1.0,1.0
1195,15800246,0.0,0.0,0.0,0.0,0.0,1.0,0.0,0.0,0.0
1198,847684677,1.0,1.0,1.0,1.0,1.0,1.0,1.0,1.0,1.0
1199,5921152,1.0,1.0,1.0,1.0,0.0,0.0,1.0,1.0,0.0
1202,167839549,1.0,1.0,0.0,0.0,0.0,1.0,1.0,1.0,1.0
1204,43726539,1.0,1.0,1.0,1.0,0.0,1.0,1.0,1.0,0.0
1205,13736050,1.0,1.0,1.0,1.0,1.0,1.0,1.0,1.0,1.0
1206,6219298,1.0,1.0,1.0,1.0,1.0,1.0,1.0,1.0,1.0
1207,8410533,0.0,0.0,0.0,0.0,1.0,1.0,0.0,1.0,1.0
1208,558935,1.0,1.0,1.0,1.0,1.0,1.0,1.0,1.0,1.0
1211,86243,1.0,1.0,1.0,1.0,1.0,1.0,1.0,1.0,1.0
1212,88845148,1.0,1.0,1.0,1.0,1.0,1.0,1.0,1.0,1.0
1214,21511955,0.0,0.0,0.0,0.0,1.0,0.0,0.0,0.0,1.0
1215,143896424,1.0,1.0,1.0,1.0,1.0,1.0,1.0,1.0,1.0
1216,35880580,1.0,1.0,0.0,0.0,1.0,0.0,0.0,0.0,1.0
1217,870283,1.0,1.0,1.0,1.0,1.0,0.0,1.0,1.0,0.0
1219,188472806,1.0,1.0,1.0,1.0,1.0,1.0,1.0,1.0,1.0
1220,915051,1.0,1.0,1.0,1.0,1.0,1.0,1.0,1.0,1.0
1221,1289870,1.0,1.0,1.0,1.0,1.0,1.0,1.0,1.0,1.0
1222,21406264,1.0,1.0,1.0,1.0,1.0,1.0,1.0,1.0,1.0
1223,3687665,1.0,1.0,1.0,1.0,1.0,1.0,1.0,1.0,1.0
1224,34201909,1.0,1.0,1.0,1.0,1.0,0.0,1.0,1.0,0.0
1225,11363248,1.0,1.0,1.0,1.0,1.0,1.0,1.0,1.0,1.0
1226,9527680,0.0,0.0,0.0,0.0,1.0,1.0,0.0,1.0,1.0
1227,3956086,1.0,1.0,1.0,1.0,1.0,1.0,1.0,1.0,1.0
1228,12904192,1.0,1.0,1.0,1.0,0.0,1.0,1.0,1.0,1.0
1229,28857420,1.0,1.0,1.0,1.0,1.0,1.0,1.0,1.0,1.0
1230,14104472,1.0,1.0,1.0,1.0,1.0,1.0,1.0,1.0,1.0
1231,44232768,1.0,1.0,1.0,1.0,1.0,1.0,1.0,1.0,1.0
1232,120448161,1.0,1.0,1.0,1.0,1.0,1.0,1.0,0.0,0.0
1233,6034570,0.0,0.0,0.0,0.0,1.0,1.0,0.0,1.0,0.0
1234,229055,1.0,1.0,1.0,1.0,1.0,1.0,1.0,1.0,1.0
1235,3233061,1.0,1.0,1.0,1.0,1.0,1.0,1.0,1.0,0.0
1236,2495471,1.0,1.0,1.0,1.0,1.0,1.0,1.0,1.0,1.0
1238,46600978,1.0,1.0,1.0,1.0,0.0,0.0,1.0,1.0,1.0
1240,6595967,1.0,1.0,1.0,1.0,1.0,1.0,1.0,1.0,1.0
1241,198994,1.0,1.0,1.0,1.0,1.0,1.0,1.0,1.0,0.0
1242,26158897,0.0,0.0,0.0,0.0,0.0,0.0,0.0,0.0,0.0
1243,3135176,1.0,1.0,1.0,1.0,1.0,1.0,1.0,1.0,1.0
1244,18923200,1.0,1.0,1.0,1.0,1.0,0.0,1.0,1.0,1.0
1245,45635786,1.0,1.0,1.0,1.0,1.0,0.0,1.0,1.0,1.0
1246,14938347,1.0,1.0,1.0,1.0,0.0,0.0,1.0,1.0,0.0
1247,8669171,0.0,0.0,0.0,0.0,0.0,1.0,0.0,0.0,0.0
1249,194120352,1.0,1.0,1.0,1.0,1.0,1.0,1.0,1.0,1.0
1250,4756052,1.0,1.0,1.0,1.0,1.0,1.0,1.0,1.0,1.0
1251,3994730,0.0,0.0,0.0,0.0,1.0,0.0,0.0,0.0,1.0
1252,2849797,1.0,1.0,1.0,1.0,1.0,1.0,1.0,1.0,1.0
1253,6797897,1.0,1.0,1.0,1.0,1.0,1.0,1.0,1.0,1.0
1255,124391,1.0,1.0,1.0,1.0,1.0,1.0,1.0,1.0,1.0
1256,187378796,1.0,1.0,1.0,1.0,0.0,1.0,1.0,1.0,1.0
1258,240650,1.0,1.0,1.0,1.0,1.0,1.0,1.0,1.0,1.0
1259,261334,1.0,1.0,1.0,1.0,1.0,1.0,1.0,1.0,1.0
1260,7853707,1.0,1.0,1.0,1.0,1.0,1.0,1.0,1.0,1.0
1262,2457141,1.0,1.0,1.0,1.0,1.0,1.0,1.0,1.0,1.0
1263,38953466,1.0,1.0,1.0,1.0,1.0,1.0,1.0,1.0,1.0
1264,2683976,0.0,0.0,0.0,0.0,0.0,0.0,0.0,0.0,0.0
1265,3078525,0.0,0.0,1.0,1.0,0.0,1.0,1.0,0.0,1.0
1266,3039347,1.0,1.0,1.0,1.0,1.0,1.0,1.0,1.0,0.0
1267,6113395,0.0,0.0,0.0,0.0,1.0,0.0,0.0,0.0,0.0
1274,14015888,1.0,1.0,1.0,1.0,1.0,1.0,1.0,1.0,1.0
1275,19330983,1.0,1.0,1.0,1.0,1.0,1.0,1.0,1.0,1.0
1276,5561450,1.0,1.0,1.0,1.0,1.0,1.0,1.0,1.0,1.0
1277,5483867,1.0,1.0,1.0,1.0,1.0,1.0,1.0,1.0,1.0
1278,797897661,0.0,0.0,0.0,0.0,1.0,1.0,0.0,1.0,1.0
1281,759284420,1.0,1.0,1.0,1.0,1.0,1.0,1.0,1.0,1.0
1283,963392,1.0,1.0,1.0,1.0,1.0,1.0,1.0,1.0,1.0
1284,715241,1.0,1.0,1.0,1.0,1.0,1.0,1.0,1.0,1.0
1285,5365439,1.0,1.0,1.0,1.0,1.0,1.0,1.0,1.0,1.0
1286,2947461,1.0,1.0,1.0,1.0,1.0,1.0,1.0,1.0,1.0
1287,15882363,1.0,1.0,0.0,0.0,1.0,1.0,1.0,1.0,1.0
1288,123514,1.0,1.0,1.0,1.0,1.0,1.0,1.0,1.0,1.0
1289,7995001,1.0,1.0,1.0,1.0,1.0,1.0,1.0,1.0,1.0
1290,60215493,1.0,1.0,1.0,1.0,1.0,1.0,1.0,1.0,1.0
1291,19007923,1.0,1.0,1.0,1.0,1.0,1.0,1.0,1.0,1.0
1292,14014772,0.0,0.0,0.0,0.0,1.0,1.0,0.0,0.0,0.0
1293,31157819,1.0,1.0,1.0,1.0,1.0,1.0,1.0,1.0,1.0
1294,858612329,1.0,1.0,1.0,1.0,1.0,1.0,1.0,1.0,0.0
1295,178002058,1.0,1.0,1.0,1.0,1.0,1.0,1.0,1.0,1.0
1296,6902500,1.0,1.0,1.0,1.0,1.0,1.0,1.0,1.0,1.0
1297,3590463,1.0,1.0,1.0,1.0,1.0,1.0,1.0,1.0,1.0
1298,35415213,1.0,1.0,1.0,1.0,1.0,1.0,1.0,1.0,1.0
1299,859542,1.0,1.0,1.0,1.0,1.0,1.0,1.0,1.0,0.0
1300,553211,1.0,1.0,1.0,1.0,1.0,1.0,1.0,1.0,1.0
1301,5010485,1.0,1.0,1.0,1.0,1.0,1.0,1.0,1.0,1.0
1302,55023725,1.0,1.0,0.0,0.0,1.0,1.0,1.0,1.0,0.0
1303,41329772,1.0,1.0,1.0,1.0,1.0,1.0,1.0,1.0,1.0
1304,24218319,1.0,1.0,1.0,1.0,1.0,1.0,1.0,1.0,1.0
1305,2056723,1.0,1.0,1.0,1.0,1.0,1.0,1.0,1.0,1.0
1306,1069416,1.0,1.0,1.0,1.0,0.0,1.0,1.0,1.0,1.0
1307,10201673,1.0,1.0,1.0,1.0,0.0,1.0,1.0,1.0,1.0
1308,4032093,1.0,1.0,1.0,1.0,1.0,1.0,1.0,1.0,0.0
1309,24398106,1.0,1.0,1.0,1.0,1.0,1.0,1.0,1.0,1.0
1310,101580342,1.0,1.0,1.0,1.0,1.0,1.0,1.0,1.0,1.0
1311,81485,1.0,1.0,1.0,1.0,1.0,1.0,1.0,1.0,1.0
1312,7935568,1.0,1.0,1.0,1.0,1.0,1.0,1.0,1.0,1.0
1313,111766825,1.0,1.0,1.0,1.0,1.0,1.0,1.0,1.0,1.0
1314,77647800,1.0,1.0,1.0,1.0,1.0,1.0,1.0,1.0,1.0
1316,7167146,1.0,1.0,1.0,1.0,1.0,1.0,1.0,1.0,1.0
1317,2180425,1.0,1.0,1.0,1.0,1.0,1.0,1.0,1.0,1.0
1318,7454753,1.0,1.0,1.0,1.0,1.0,1.0,1.0,1.0,1.0
1319,5124847,0.0,0.0,0.0,0.0,1.0,1.0,0.0,1.0,1.0
1320,49453034,1.0,1.0,1.0,1.0,1.0,1.0,1.0,1.0,1.0
1321,206806,1.0,1.0,0.0,0.0,1.0,1.0,1.0,1.0,1.0
1322,189016947,1.0,1.0,0.0,0.0,1.0,0.0,1.0,1.0,0.0
1323,2437300,1.0,1.0,1.0,1.0,1.0,1.0,1.0,1.0,1.0
1325,5753880,1.0,1.0,1.0,1.0,1.0,1.0,1.0,1.0,1.0
1326,5753880,1.0,1.0,1.0,1.0,1.0,1.0,1.0,1.0,1.0
1327,5753880,1.0,1.0,1.0,1.0,1.0,1.0,1.0,1.0,1.0
1328,5753880,1.0,1.0,1.0,1.0,1.0,1.0,1.0,1.0,1.0
1329,718286,1.0,1.0,1.0,1.0,1.0,1.0,1.0,1.0,1.0
1330,718286,1.0,1.0,1.0,1.0,1.0,1.0,1.0,1.0,1.0
1331,709500,1.0,1.0,1.0,1.0,1.0,1.0,1.0,1.0,1.0
1332,709500,1.0,1.0,1.0,1.0,1.0,1.0,1.0,1.0,1.0
1333,24608710,1.0,1.0,1.0,1.0,1.0,1.0,1.0,1.0,1.0
1334,24608710,1.0,1.0,1.0,1.0,1.0,1.0,1.0,1.0,1.0
1335,2178122,1.0,1.0,1.0,1.0,1.0,1.0,1.0,1.0,1.0
1336,2178122,1.0,1.0,1.0,1.0,1.0,1.0,1.0,1.0,1.0
1337,2178122,1.0,1.0,1.0,1.0,1.0,1.0,1.0,1.0,1.0
1338,2178122,1.0,1.0,1.0,1.0,1.0,1.0,1.0,1.0,1.0
1341,2140072,1.0,1.0,1.0,1.0,0.0,1.0,1.0,1.0,1.0
1342,2140072,1.0,1.0,1.0,1.0,0.0,1.0,1.0,1.0,1.0
1343,2140072,1.0,1.0,1.0,1.0,0.0,1.0,1.0,1.0,1.0
1344,2140072,1.0,1.0,1.0,1.0,0.0,1.0,1.0,1.0,1.0
1345,56451398,0.0,0.0,1.0,1.0,0.0,1.0,1.0,0.0,0.0
1346,56451398,0.0,0.0,1.0,1.0,0.0,1.0,1.0,0.0,0.0
1347,56451398,0.0,0.0,1.0,1.0,0.0,1.0,1.0,0.0,0.0
1348,56451398,0.0,0.0,1.0,1.0,0.0,1.0,1.0,0.0,0.0
1349,67388,1.0,1.0,1.0,1.0,1.0,1.0,1.0,1.0,1.0
1350,67388,1.0,1.0,1.0,1.0,1.0,1.0,1.0,1.0,1.0
1351,1801507,1.0,1.0,1.0,1.0,1.0,1.0,1.0,1.0,1.0
1352,1801507,1.0,1.0,1.0,1.0,1.0,1.0,1.0,1.0,1.0
1355,1161074,0.0,0.0,0.0,0.0,0.0,0.0,0.0,0.0,0.0
1356,1161074,0.0,0.0,0.0,0.0,0.0,0.0,0.0,0.0,0.0
1357,5770437,1.0,1.0,1.0,1.0,1.0,1.0,1.0,1.0,1.0
1358,5770437,1.0,1.0,1.0,1.0,1.0,1.0,1.0,1.0,1.0
1359,5770437,1.0,1.0,1.0,1.0,1.0,1.0,1.0,1.0,1.0
1360,5770437,1.0,1.0,1.0,1.0,1.0,1.0,1.0,1.0,1.0
1361,2569829,1.0,1.0,0.0,0.0,0.0,0.0,0.0,0.0,0.0
1362,2569829,1.0,1.0,0.0,0.0,0.0,0.0,0.0,0.0,0.0
1363,20075186,1.0,1.0,1.0,1.0,1.0,1.0,1.0,1.0,1.0
1364,20075186,1.0,1.0,1.0,1.0,1.0,1.0,1.0,1.0,1.0
1365,50811936,1.0,1.0,1.0,1.0,1.0,1.0,1.0,1.0,1.0
1366,50811936,1.0,1.0,1.0,1.0,1.0,1.0,1.0,1.0,1.0
1369,14764346,1.0,1.0,1.0,1.0,1.0,1.0,1.0,1.0,1.0
1370,14764346,1.0,1.0,1.0,1.0,1.0,1.0,1.0,1.0,1.0
1373,3261259,1.0,1.0,1.0,1.0,1.0,1.0,1.0,1.0,0.0
1374,187430693,1.0,1.0,1.0,1.0,1.0,1.0,1.0,1.0,1.0
1375,20913701,1.0,1.0,1.0,1.0,1.0,1.0,1.0,1.0,0.0
1376,238769,1.0,1.0,1.0,1.0,1.0,1.0,1.0,1.0,1.0
1378,3674694,1.0,1.0,1.0,1.0,0.0,1.0,1.0,1.0,0.0
1379,732973,1.0,1.0,1.0,1.0,1.0,0.0,1.0,1.0,1.0
1380,3213513,1.0,1.0,1.0,1.0,1.0,1.0,1.0,1.0,1.0
1381,17524481,1.0,1.0,1.0,1.0,1.0,1.0,1.0,1.0,1.0
1382,107791368,1.0,1.0,1.0,1.0,1.0,1.0,1.0,1.0,1.0
1383,24759058,1.0,1.0,1.0,1.0,1.0,1.0,1.0,1.0,1.0
1385,762257648,1.0,1.0,1.0,1.0,0.0,1.0,1.0,1.0,0.0
1388,105551234,1.0,1.0,1.0,1.0,1.0,1.0,1.0,1.0,1.0
1389,35667016,1.0,1.0,1.0,1.0,1.0,1.0,1.0,1.0,1.0
1395,119517710,1.0,1.0,1.0,1.0,1.0,1.0,1.0,1.0,0.0
1396,6500532,1.0,1.0,1.0,1.0,1.0,1.0,1.0,1.0,1.0
1397,20899653,1.0,1.0,1.0,1.0,1.0,1.0,1.0,1.0,1.0
1398,35549641,1.0,1.0,1.0,1.0,1.0,1.0,1.0,1.0,1.0
1399,637638,1.0,1.0,0.0,0.0,1.0,1.0,1.0,1.0,1.0
1401,1196089,1.0,1.0,1.0,1.0,1.0,1.0,1.0,1.0,0.0
1402,32001583,1.0,1.0,1.0,1.0,1.0,1.0,1.0,1.0,1.0
1404,762532956,1.0,1.0,1.0,1.0,1.0,1.0,1.0,1.0,1.0
1405,6010896,1.0,1.0,0.0,0.0,1.0,1.0,1.0,1.0,0.0
1406,5846008,1.0,1.0,1.0,1.0,1.0,1.0,1.0,1.0,1.0
1408,30992312,1.0,1.0,1.0,1.0,1.0,1.0,1.0,1.0,1.0
1409,1921826,1.0,1.0,1.0,1.0,1.0,1.0,1.0,1.0,1.0
1410,37186196,1.0,1.0,1.0,1.0,1.0,1.0,1.0,1.0,1.0
1411,422270,1.0,1.0,1.0,1.0,1.0,1.0,1.0,1.0,0.0
1413,13390817,1.0,1.0,1.0,1.0,1.0,1.0,1.0,1.0,1.0
1414,32812900,1.0,1.0,1.0,1.0,1.0,1.0,1.0,1.0,1.0
1415,15941508,1.0,1.0,1.0,1.0,1.0,1.0,1.0,1.0,1.0
1416,23272482,1.0,1.0,1.0,1.0,1.0,1.0,1.0,1.0,1.0
1417,26701014,1.0,1.0,1.0,1.0,1.0,1.0,1.0,1.0,1.0
1418,440420,1.0,1.0,1.0,1.0,1.0,1.0,1.0,1.0,0.0
1419,1815280,1.0,1.0,1.0,1.0,1.0,1.0,1.0,1.0,1.0
1420,3212494,1.0,1.0,0.0,0.0,1.0,0.0,1.0,1.0,1.0
1421,16552686,1.0,1.0,1.0,1.0,1.0,1.0,1.0,1.0,1.0
1422,43171613,1.0,1.0,1.0,1.0,1.0,1.0,1.0,1.0,1.0
1424,2230725,1.0,1.0,0.0,0.0,1.0,0.0,1.0,1.0,0.0
1425,21505459,1.0,1.0,1.0,1.0,1.0,1.0,1.0,1.0,1.0
1427,210719,1.0,1.0,1.0,1.0,1.0,1.0,1.0,1.0,1.0
1428,3687236,0.0,0.0,0.0,0.0,1.0,1.0,0.0,0.0,0.0
1429,2715034,1.0,1.0,1.0,1.0,1.0,1.0,1.0,1.0,1.0
1430,728407,1.0,1.0,1.0,1.0,1.0,1.0,1.0,1.0,1.0
1432,17575116,1.0,1.0,1.0,1.0,1.0,1.0,1.0,1.0,1.0
1434,7449170,1.0,1.0,1.0,1.0,1.0,1.0,1.0,1.0,1.0
1435,36567021,1.0,1.0,1.0,1.0,1.0,1.0,1.0,1.0,1.0
1436,2588015,0.0,0.0,0.0,0.0,1.0,1.0,0.0,1.0,1.0
1438,1684020,1.0,1.0,1.0,1.0,1.0,1.0,1.0,1.0,1.0
1439,2781497,1.0,1.0,1.0,1.0,1.0,1.0,1.0,1.0,1.0
1440,3105293,0.0,0.0,0.0,0.0,1.0,1.0,0.0,1.0,1.0
1441,2785702,1.0,1.0,1.0,1.0,1.0,1.0,1.0,1.0,1.0
1442,17190361,1.0,1.0,1.0,1.0,1.0,1.0,1.0,1.0,1.0
1444,9541743,1.0,1.0,1.0,1.0,1.0,1.0,1.0,1.0,1.0
1445,11963598,1.0,1.0,1.0,1.0,1.0,1.0,1.0,1.0,0.0
1446,3597631,1.0,1.0,1.0,1.0,1.0,1.0,1.0,1.0,1.0
1448,827137,1.0,1.0,1.0,1.0,1.0,1.0,1.0,1.0,1.0
1450,39045758,0.0,0.0,0.0,0.0,0.0,0.0,0.0,0.0,0.0
1451,5474500,1.0,1.0,1.0,1.0,1.0,1.0,1.0,1.0,1.0
1452,1400777,1.0,1.0,1.0,1.0,0.0,1.0,1.0,1.0,1.0
1453,113865020,1.0,1.0,1.0,1.0,1.0,1.0,1.0,1.0,1.0
1454,846430,1.0,1.0,1.0,1.0,1.0,1.0,1.0,1.0,1.0
1456,22127386,1.0,1.0,1.0,1.0,1.0,1.0,1.0,1.0,1.0
1457,4303042,0.0,0.0,0.0,0.0,0.0,0.0,0.0,0.0,0.0
1458,8343801,0.0,0.0,0.0,0.0,0.0,0.0,0.0,0.0,0.0
1459,20386806,1.0,1.0,1.0,1.0,1.0,1.0,1.0,1.0,1.0
1460,18699704,1.0,1.0,1.0,1.0,1.0,1.0,1.0,1.0,0.0
1461,6799991,1.0,1.0,1.0,1.0,1.0,1.0,1.0,1.0,1.0
1462,58592373,0.0,0.0,0.0,0.0,0.0,0.0,0.0,0.0,0.0
1463,7045894,1.0,1.0,1.0,1.0,1.0,1.0,1.0,1.0,1.0
1464,2004594,1.0,1.0,1.0,1.0,1.0,1.0,1.0,1.0,1.0
1465,22812229,1.0,1.0,1.0,1.0,1.0,1.0,1.0,1.0,1.0
1467,3605059,1.0,1.0,1.0,1.0,1.0,1.0,1.0,1.0,1.0
1468,54410476,1.0,1.0,1.0,1.0,1.0,1.0,1.0,1.0,1.0
1469,838152935,1.0,1.0,1.0,1.0,1.0,1.0,1.0,1.0,1.0
1470,5785399,1.0,1.0,1.0,1.0,1.0,1.0,1.0,1.0,1.0
1471,7467689,1.0,1.0,1.0,1.0,1.0,1.0,1.0,1.0,1.0
1474,28427249,1.0,1.0,1.0,1.0,1.0,1.0,1.0,1.0,1.0
1475,23725862,0.0,0.0,0.0,0.0,0.0,1.0,0.0,1.0,1.0
1477,35115666,1.0,1.0,1.0,1.0,1.0,1.0,1.0,1.0,1.0
1478,2273147,1.0,1.0,0.0,0.0,1.0,1.0,1.0,1.0,1.0
1481,14468708,1.0,1.0,0.0,0.0,1.0,1.0,0.0,1.0,1.0
1483,14482126,1.0,1.0,1.0,1.0,0.0,1.0,1.0,1.0,1.0
1484,801172182,1.0,1.0,1.0,1.0,1.0,1.0,1.0,1.0,1.0
1485,19007440,1.0,1.0,1.0,1.0,1.0,1.0,1.0,1.0,1.0
1486,35881457,1.0,1.0,1.0,1.0,1.0,1.0,1.0,1.0,1.0
1487,9102293,1.0,1.0,1.0,1.0,1.0,1.0,1.0,1.0,1.0
1489,10830934,1.0,1.0,1.0,1.0,1.0,1.0,1.0,1.0,1.0
1491,6906258,1.0,1.0,1.0,1.0,0.0,0.0,1.0,0.0,0.0
1492,14051423,1.0,1.0,1.0,1.0,1.0,1.0,1.0,1.0,1.0
1493,6640388,1.0,1.0,1.0,1.0,1.0,1.0,1.0,1.0,1.0
1494,23549952,1.0,1.0,1.0,1.0,1.0,0.0,1.0,1.0,1.0
1495,57580588,1.0,1.0,1.0,1.0,1.0,1.0,1.0,1.0,1.0
1496,19577447,1.0,1.0,1.0,1.0,1.0,1.0,1.0,1.0,1.0
1497,847368925,1.0,1.0,1.0,1.0,1.0,1.0,1.0,1.0,1.0
1498,1717813,1.0,1.0,0.0,0.0,1.0,1.0,1.0,1.0,0.0
1499,15132975,1.0,1.0,1.0,1.0,1.0,1.0,1.0,1.0,1.0
1500,117824127,1.0,1.0,1.0,1.0,1.0,1.0,1.0,1.0,1.0
1501,3077745,1.0,1.0,1.0,1.0,1.0,1.0,1.0,1.0,1.0
1502,17816235,1.0,1.0,1.0,1.0,1.0,1.0,1.0,1.0,1.0
1503,5426774,1.0,1.0,1.0,1.0,1.0,1.0,1.0,1.0,1.0
1504,14023383,1.0,1.0,1.0,1.0,1.0,1.0,1.0,1.0,1.0
1505,27310513,1.0,1.0,1.0,1.0,1.0,1.0,1.0,1.0,1.0
1507,25637088,1.0,1.0,1.0,1.0,1.0,1.0,1.0,1.0,1.0
1509,4710143,1.0,1.0,1.0,1.0,1.0,1.0,1.0,1.0,1.0
1510,7857090,1.0,1.0,1.0,1.0,1.0,1.0,1.0,1.0,1.0
1512,855922,0.0,0.0,0.0,0.0,1.0,1.0,0.0,0.0,1.0
1513,568197,1.0,1.0,1.0,1.0,1.0,1.0,1.0,1.0,1.0
1514,130118882,1.0,1.0,1.0,1.0,1.0,0.0,1.0,1.0,1.0
1516,1067429,1.0,1.0,1.0,1.0,1.0,1.0,1.0,1.0,1.0
1517,1390087,1.0,1.0,1.0,1.0,1.0,1.0,1.0,1.0,0.0
1520,86772,1.0,1.0,1.0,1.0,1.0,1.0,1.0,1.0,1.0
1522,4583251,1.0,1.0,1.0,1.0,1.0,1.0,1.0,1.0,0.0
1523,22445,1.0,1.0,1.0,1.0,1.0,0.0,1.0,1.0,0.0
1524,6169747,1.0,1.0,1.0,1.0,1.0,1.0,1.0,1.0,0.0
1526,9870598,1.0,1.0,1.0,1.0,1.0,1.0,1.0,1.0,1.0
1529,21790071,0.0,0.0,0.0,0.0,0.0,1.0,0.0,0.0,0.0
1530,36885933,1.0,1.0,1.0,1.0,1.0,1.0,1.0,1.0,1.0
1533,2682982,1.0,1.0,1.0,1.0,1.0,1.0,1.0,1.0,1.0
1534,18119826,1.0,1.0,1.0,1.0,1.0,1.0,1.0,1.0,1.0
1535,25300637,0.0,0.0,1.0,1.0,1.0,1.0,1.0,0.0,1.0
1537,721430238,1.0,1.0,1.0,1.0,1.0,1.0,1.0,1.0,1.0
1538,6466387,0.0,0.0,0.0,0.0,0.0,0.0,0.0,1.0,0.0
1540,23218106,1.0,1.0,1.0,1.0,1.0,1.0,1.0,1.0,0.0
1541,2834340,1.0,1.0,1.0,1.0,1.0,1.0,1.0,1.0,1.0
1542,26243901,1.0,1.0,1.0,1.0,1.0,1.0,1.0,1.0,1.0
1544,9655,1.0,1.0,1.0,1.0,1.0,1.0,1.0,1.0,0.0
1545,921446775,1.0,1.0,1.0,1.0,1.0,1.0,1.0,1.0,1.0
1546,4735763,1.0,1.0,1.0,1.0,0.0,0.0,1.0,1.0,0.0
1547,17694597,1.0,1.0,1.0,1.0,1.0,1.0,1.0,1.0,1.0
1549,6269074,1.0,1.0,1.0,1.0,1.0,1.0,1.0,1.0,1.0
1550,5777303,0.0,0.0,0.0,0.0,1.0,1.0,0.0,0.0,1.0
1551,16015583,1.0,1.0,1.0,1.0,1.0,1.0,1.0,1.0,1.0
1552,60722885,1.0,1.0,1.0,1.0,1.0,1.0,1.0,1.0,1.0
1553,385799,1.0,1.0,1.0,1.0,1.0,1.0,1.0,1.0,1.0
1554,19223887,1.0,1.0,1.0,1.0,1.0,1.0,1.0,1.0,1.0
1555,9548789,1.0,1.0,1.0,1.0,1.0,1.0,1.0,1.0,1.0
1556,6860563,1.0,1.0,1.0,1.0,1.0,1.0,1.0,1.0,1.0
1557,3073977,1.0,1.0,1.0,1.0,1.0,1.0,1.0,1.0,1.0
1559,6883633,0.0,0.0,0.0,0.0,1.0,1.0,0.0,1.0,0.0
1561,3608739,1.0,1.0,1.0,1.0,1.0,1.0,1.0,1.0,0.0
1563,38432048,1.0,1.0,1.0,1.0,1.0,1.0,1.0,1.0,1.0
1566,25177250,1.0,1.0,1.0,1.0,1.0,1.0,1.0,1.0,1.0
1567,3929874,1.0,1.0,1.0,1.0,1.0,1.0,1.0,1.0,0.0
1568,386080,1.0,1.0,1.0,1.0,1.0,1.0,1.0,1.0,1.0
1570,1004093,1.0,1.0,1.0,1.0,0.0,1.0,1.0,1.0,0.0
1571,4552372,1.0,1.0,1.0,1.0,1.0,1.0,1.0,1.0,1.0
1572,857185047,1.0,1.0,1.0,1.0,0.0,1.0,1.0,1.0,1.0
1573,47419518,0.0,0.0,0.0,0.0,1.0,1.0,0.0,0.0,1.0
1574,2518972,1.0,1.0,1.0,1.0,0.0,1.0,1.0,0.0,1.0
1575,18741761,1.0,1.0,1.0,1.0,1.0,1.0,1.0,1.0,1.0
1576,8392098,1.0,1.0,1.0,1.0,1.0,1.0,1.0,1.0,1.0
1577,1250980,1.0,1.0,1.0,1.0,1.0,1.0,1.0,1.0,1.0
1578,50131330,1.0,1.0,0.0,0.0,1.0,1.0,1.0,1.0,1.0
1581,37244293,1.0,1.0,1.0,1.0,1.0,1.0,1.0,1.0,1.0
1582,3815629,1.0,1.0,1.0,1.0,1.0,1.0,1.0,1.0,1.0
1583,24152326,1.0,1.0,1.0,1.0,0.0,1.0,1.0,1.0,1.0
1584,2629024,1.0,1.0,1.0,1.0,1.0,0.0,1.0,1.0,1.0
1585,17516202,0.0,0.0,0.0,0.0,1.0,1.0,0.0,1.0,0.0
1587,3176988,1.0,1.0,1.0,1.0,1.0,1.0,1.0,1.0,1.0
1588,1232790,0.0,0.0,0.0,0.0,1.0,1.0,0.0,1.0,1.0
1589,3263175,1.0,1.0,1.0,1.0,1.0,1.0,1.0,1.0,1.0
1590,52082423,1.0,1.0,1.0,1.0,1.0,1.0,1.0,1.0,0.0
1591,5003203,0.0,0.0,0.0,0.0,1.0,1.0,0.0,0.0,1.0
1594,106865281,1.0,1.0,1.0,1.0,1.0,1.0,1.0,1.0,0.0
1595,11484939,1.0,1.0,1.0,1.0,1.0,1.0,1.0,1.0,1.0
1597,17931008,1.0,1.0,1.0,1.0,1.0,1.0,1.0,1.0,1.0
1598,5492615,1.0,1.0,1.0,1.0,1.0,1.0,1.0,1.0,1.0
1599,2707329,1.0,1.0,1.0,1.0,1.0,1.0,1.0,1.0,1.0
1600,9442922,1.0,1.0,0.0,0.0,1.0,1.0,1.0,1.0,1.0
1603,48759122,1.0,1.0,1.0,1.0,1.0,1.0,1.0,1.0,1.0
1604,56234544,1.0,1.0,1.0,1.0,1.0,1.0,1.0,1.0,0.0
1605,33425433,1.0,1.0,1.0,1.0,1.0,1.0,1.0,1.0,0.0
1606,1283448,1.0,1.0,1.0,1.0,1.0,1.0,1.0,1.0,1.0
1607,4809138,1.0,1.0,1.0,1.0,1.0,1.0,1.0,1.0,1.0
1609,5545425,1.0,1.0,1.0,1.0,1.0,1.0,1.0,1.0,1.0
1610,3376494,0.0,0.0,0.0,0.0,0.0,1.0,0.0,0.0,1.0
1613,4115769,1.0,1.0,1.0,1.0,1.0,1.0,1.0,1.0,1.0
1614,35204068,1.0,1.0,1.0,1.0,0.0,1.0,1.0,1.0,0.0
1615,1036063,1.0,1.0,1.0,1.0,1.0,1.0,1.0,1.0,1.0
1616,7903841,1.0,1.0,1.0,1.0,1.0,1.0,1.0,1.0,1.0
1617,45381214,1.0,1.0,1.0,1.0,0.0,0.0,1.0,1.0,0.0
1618,186721,0.0,0.0,0.0,0.0,0.0,0.0,0.0,0.0,0.0
1619,163531552,1.0,1.0,1.0,1.0,1.0,1.0,1.0,1.0,1.0
1620,22918266,1.0,1.0,1.0,1.0,1.0,1.0,1.0,1.0,1.0
1622,13153461,1.0,1.0,1.0,1.0,1.0,1.0,1.0,1.0,1.0
1623,315128,0.0,0.0,0.0,0.0,0.0,1.0,0.0,0.0,0.0
1624,9473618,1.0,1.0,1.0,1.0,1.0,1.0,1.0,1.0,1.0
1625,5628533,1.0,1.0,1.0,1.0,1.0,1.0,1.0,1.0,1.0
1626,117924851,1.0,1.0,1.0,1.0,1.0,1.0,1.0,1.0,1.0
1627,179815082,1.0,1.0,1.0,1.0,1.0,1.0,1.0,1.0,1.0
1629,810202497,1.0,1.0,1.0,1.0,1.0,1.0,1.0,1.0,1.0
1630,9350838,0.0,0.0,0.0,0.0,1.0,1.0,0.0,1.0,1.0
1631,9160366,0.0,0.0,0.0,0.0,1.0,1.0,0.0,1.0,1.0
1633,3469285,1.0,1.0,1.0,1.0,1.0,1.0,1.0,1.0,1.0
1634,8586290,1.0,1.0,1.0,1.0,1.0,1.0,1.0,1.0,1.0
1635,21776410,1.0,1.0,1.0,1.0,1.0,1.0,1.0,1.0,1.0
1636,3523411,0.0,0.0,0.0,0.0,1.0,1.0,0.0,1.0,0.0
1637,6701073,0.0,0.0,0.0,0.0,0.0,0.0,0.0,0.0,1.0
1638,2432128,1.0,1.0,1.0,1.0,1.0,1.0,1.0,1.0,0.0
1639,184208413,1.0,1.0,1.0,1.0,1.0,1.0,1.0,1.0,1.0
1640,117893415,1.0,1.0,1.0,1.0,1.0,1.0,1.0,1.0,1.0
1642,53059778,1.0,1.0,1.0,1.0,1.0,1.0,1.0,1.0,1.0
1643,26121819,1.0,1.0,1.0,1.0,1.0,1.0,1.0,1.0,1.0
1644,47708737,1.0,1.0,1.0,1.0,1.0,1.0,1.0,1.0,1.0
1645,7884874,1.0,1.0,1.0,1.0,1.0,1.0,1.0,1.0,1.0
1646,4603263,0.0,0.0,0.0,0.0,0.0,1.0,0.0,0.0,0.0
1647,6799755,1.0,1.0,1.0,1.0,1.0,1.0,1.0,1.0,1.0
1648,25708978,1.0,1.0,1.0,1.0,1.0,1.0,1.0,1.0,1.0
1650,14855264,1.0,1.0,1.0,1.0,1.0,1.0,1.0,1.0,1.0
1651,56963756,1.0,1.0,1.0,1.0,1.0,1.0,1.0,1.0,0.0
1652,1176412,1.0,1.0,1.0,1.0,1.0,1.0,1.0,1.0,1.0
1653,867758,1.0,1.0,1.0,1.0,1.0,1.0,1.0,1.0,1.0
1654,6318012,1.0,1.0,1.0,1.0,1.0,1.0,1.0,1.0,1.0
1655,155586641,0.0,0.0,0.0,0.0,1.0,1.0,0.0,1.0,1.0
1656,26083306,0.0,0.0,0.0,0.0,1.0,1.0,0.0,0.0,0.0
1657,5597047,1.0,1.0,1.0,1.0,1.0,1.0,1.0,1.0,1.0
1658,235163,1.0,1.0,1.0,1.0,1.0,0.0,1.0,1.0,1.0
1660,20313688,1.0,1.0,1.0,1.0,1.0,1.0,1.0,1.0,1.0
1661,23742992,1.0,1.0,1.0,1.0,1.0,0.0,1.0,1.0,1.0
1665,6150060,1.0,1.0,1.0,1.0,1.0,1.0,1.0,1.0,1.0
1666,13776168,1.0,1.0,1.0,1.0,1.0,0.0,1.0,1.0,1.0
1667,13827947,1.0,1.0,1.0,1.0,1.0,1.0,1.0,1.0,1.0
1668,1294322,1.0,1.0,1.0,1.0,1.0,1.0,1.0,1.0,1.0
1669,37577,1.0,1.0,1.0,1.0,1.0,1.0,1.0,1.0,1.0
1671,31510619,1.0,1.0,1.0,1.0,1.0,1.0,1.0,1.0,1.0
1672,9665511,0.0,0.0,0.0,0.0,0.0,0.0,0.0,0.0,0.0
1674,4792911,1.0,1.0,1.0,1.0,1.0,1.0,1.0,1.0,1.0
1676,1966264,1.0,1.0,1.0,1.0,1.0,1.0,1.0,1.0,1.0
1679,998496463,1.0,1.0,1.0,1.0,1.0,1.0,1.0,1.0,1.0
1680,60202833,1.0,1.0,1.0,1.0,1.0,1.0,1.0,1.0,1.0
1682,35467323,1.0,1.0,1.0,1.0,1.0,1.0,1.0,1.0,1.0
1683,6396233,0.0,0.0,1.0,1.0,1.0,1.0,1.0,1.0,1.0
1684,23674,1.0,1.0,1.0,1.0,1.0,1.0,1.0,1.0,1.0
1685,4364158,1.0,1.0,1.0,1.0,1.0,1.0,1.0,1.0,1.0
1686,2766357,1.0,1.0,1.0,1.0,1.0,1.0,1.0,1.0,1.0
1688,188580203,1.0,1.0,1.0,1.0,0.0,1.0,1.0,1.0,0.0
1689,3360758,1.0,1.0,1.0,1.0,1.0,1.0,1.0,1.0,1.0
1691,8034,1.0,1.0,1.0,1.0,1.0,1.0,1.0,1.0,1.0
1692,13181164,1.0,1.0,1.0,1.0,1.0,1.0,1.0,1.0,1.0
1693,39774517,1.0,1.0,1.0,1.0,1.0,1.0,1.0,1.0,1.0
1695,14368115,1.0,1.0,1.0,1.0,1.0,1.0,1.0,1.0,1.0
1696,7984127,0.0,0.0,0.0,0.0,1.0,0.0,0.0,0.0,1.0
1697,1551568,1.0,1.0,0.0,0.0,0.0,1.0,0.0,1.0,1.0
1699,11490920,1.0,1.0,1.0,1.0,1.0,1.0,1.0,0.0,0.0
1700,2627165,1.0,1.0,1.0,1.0,1.0,1.0,1.0,1.0,1.0
1702,6156519,0.0,0.0,0.0,0.0,0.0,0.0,0.0,0.0,0.0
1703,1041284,0.0,0.0,0.0,0.0,1.0,1.0,0.0,1.0,1.0
1705,28156807,1.0,1.0,1.0,1.0,1.0,1.0,1.0,1.0,1.0
1706,2069992,0.0,0.0,0.0,0.0,1.0,0.0,0.0,0.0,1.0
1707,1291328,1.0,1.0,1.0,1.0,1.0,1.0,1.0,1.0,1.0
1708,1053220,1.0,1.0,1.0,1.0,1.0,1.0,1.0,1.0,1.0
1709,762711060,1.0,1.0,1.0,1.0,1.0,1.0,1.0,1.0,1.0
1710,97963309,1.0,1.0,1.0,1.0,1.0,1.0,1.0,1.0,1.0
1711,14637732,1.0,1.0,1.0,1.0,0.0,1.0,1.0,1.0,0.0
1712,1586722,1.0,1.0,1.0,1.0,1.0,1.0,1.0,1.0,1.0
1713,6652955,1.0,1.0,1.0,1.0,1.0,1.0,1.0,1.0,1.0
1714,772405,1.0,1.0,1.0,1.0,1.0,1.0,1.0,1.0,1.0
1715,20173466,0.0,0.0,0.0,0.0,1.0,0.0,0.0,0.0,0.0
1717,22667694,1.0,1.0,1.0,1.0,1.0,1.0,1.0,1.0,1.0
1720,174212,1.0,1.0,1.0,1.0,1.0,1.0,1.0,1.0,1.0
1721,37968,1.0,1.0,1.0,1.0,0.0,1.0,1.0,1.0,0.0
1722,8778505,1.0,1.0,1.0,1.0,1.0,1.0,1.0,1.0,1.0
1723,14091240,1.0,1.0,1.0,1.0,1.0,1.0,1.0,1.0,1.0
1724,6031264,0.0,0.0,0.0,0.0,0.0,1.0,0.0,1.0,1.0
1725,7397527,1.0,1.0,0.0,0.0,1.0,1.0,1.0,1.0,1.0
1727,993504480,1.0,1.0,1.0,1.0,0.0,1.0,1.0,1.0,1.0
1728,19800359,1.0,1.0,1.0,1.0,1.0,1.0,1.0,1.0,1.0
1729,33990791,1.0,1.0,1.0,1.0,1.0,1.0,1.0,1.0,1.0
1731,1051542,1.0,1.0,1.0,1.0,1.0,1.0,1.0,1.0,1.0
1732,113317125,1.0,1.0,1.0,1.0,1.0,1.0,1.0,1.0,1.0
1733,64095712,1.0,1.0,1.0,1.0,1.0,1.0,1.0,1.0,1.0
1736,2728416,1.0,1.0,1.0,1.0,1.0,1.0,1.0,1.0,1.0
1738,8746725,1.0,1.0,1.0,1.0,1.0,1.0,1.0,1.0,1.0
1740,140219896,1.0,1.0,1.0,1.0,1.0,1.0,1.0,1.0,1.0
1741,20612754,1.0,1.0,1.0,1.0,1.0,1.0,1.0,1.0,1.0
1742,146339411,1.0,1.0,1.0,1.0,1.0,0.0,1.0,1.0,1.0
1743,2267633,1.0,1.0,1.0,1.0,1.0,1.0,1.0,1.0,1.0
1744,49426556,1.0,1.0,1.0,1.0,1.0,1.0,1.0,1.0,1.0
1747,7615903,1.0,1.0,0.0,0.0,1.0,0.0,1.0,1.0,1.0
1749,4800548,1.0,1.0,1.0,1.0,0.0,1.0,1.0,1.0,0.0
1750,48534288,1.0,1.0,1.0,1.0,1.0,1.0,1.0,1.0,1.0
1752,6856450,1.0,1.0,1.0,1.0,1.0,1.0,1.0,1.0,1.0
1754,435129,1.0,1.0,1.0,1.0,1.0,1.0,1.0,1.0,1.0
1755,2029076,1.0,1.0,1.0,1.0,1.0,1.0,1.0,1.0,1.0
1756,6255025,1.0,1.0,1.0,1.0,1.0,1.0,1.0,1.0,1.0
1757,34815661,0.0,0.0,0.0,0.0,1.0,1.0,0.0,0.0,0.0
1758,519307,0.0,0.0,0.0,0.0,0.0,1.0,0.0,0.0,0.0
1759,16537715,1.0,1.0,1.0,1.0,1.0,1.0,1.0,1.0,1.0
1760,110438702,1.0,1.0,1.0,1.0,1.0,1.0,1.0,1.0,1.0
1761,11090923,1.0,1.0,1.0,1.0,1.0,1.0,1.0,1.0,0.0
1762,276653,1.0,1.0,1.0,1.0,1.0,1.0,1.0,1.0,1.0
1763,43492395,1.0,1.0,1.0,1.0,1.0,1.0,1.0,1.0,0.0
1766,1225950,1.0,1.0,1.0,1.0,1.0,1.0,1.0,1.0,1.0
1767,4190980,0.0,0.0,0.0,0.0,1.0,0.0,0.0,0.0,0.0
1770,25972553,1.0,1.0,1.0,1.0,1.0,1.0,1.0,1.0,1.0
1771,40606058,1.0,1.0,1.0,1.0,1.0,1.0,1.0,1.0,1.0
1772,146324867,1.0,1.0,1.0,1.0,1.0,1.0,1.0,1.0,1.0
1774,23510342,1.0,1.0,1.0,1.0,1.0,1.0,1.0,1.0,1.0
1777,1623905,1.0,1.0,1.0,1.0,1.0,1.0,1.0,1.0,1.0
1778,25669645,1.0,1.0,1.0,1.0,1.0,1.0,1.0,1.0,1.0
1780,2155187,1.0,1.0,1.0,1.0,1.0,0.0,1.0,1.0,1.0
1781,10073874,0.0,0.0,0.0,0.0,0.0,1.0,0.0,1.0,1.0
1782,51651514,0.0,0.0,0.0,0.0,0.0,0.0,0.0,0.0,0.0
1783,38560853,1.0,1.0,1.0,1.0,1.0,1.0,1.0,1.0,1.0
1784,465039,1.0,1.0,1.0,1.0,1.0,1.0,1.0,1.0,1.0
1786,1024603006,1.0,1.0,0.0,0.0,1.0,1.0,1.0,0.0,1.0
1788,24081799,1.0,1.0,1.0,1.0,1.0,1.0,1.0,1.0,1.0
1789,22433899,1.0,1.0,1.0,1.0,1.0,1.0,1.0,1.0,1.0
1790,27091374,0.0,0.0,0.0,0.0,0.0,1.0,0.0,0.0,1.0
1791,27445868,1.0,1.0,1.0,1.0,1.0,1.0,1.0,1.0,1.0
1793,3626909,0.0,0.0,0.0,0.0,0.0,1.0,0.0,1.0,1.0
1794,49992762,1.0,1.0,1.0,1.0,1.0,1.0,1.0,1.0,1.0
1795,10245643,1.0,1.0,1.0,1.0,1.0,1.0,1.0,1.0,1.0
1797,18936820,1.0,1.0,1.0,1.0,1.0,1.0,1.0,1.0,1.0
1798,47726222,1.0,1.0,1.0,1.0,1.0,1.0,1.0,1.0,1.0
1799,11694524,0.0,0.0,0.0,0.0,1.0,0.0,0.0,0.0,0.0
1801,333943,1.0,1.0,1.0,1.0,1.0,1.0,1.0,1.0,0.0
1803,23097372,0.0,0.0,0.0,0.0,1.0,1.0,0.0,0.0,0.0
1804,787015701,1.0,1.0,1.0,1.0,1.0,1.0,1.0,1.0,1.0
1807,1473180,1.0,1.0,1.0,1.0,1.0,1.0,1.0,1.0,1.0
1808,3250333,1.0,1.0,1.0,1.0,1.0,1.0,1.0,1.0,1.0
1809,14199869,1.0,1.0,1.0,1.0,1.0,1.0,1.0,1.0,1.0
1810,103503573,1.0,1.0,1.0,1.0,1.0,1.0,1.0,1.0,1.0
1811,5011578,1.0,1.0,1.0,1.0,1.0,1.0,1.0,1.0,1.0
1812,27329440,1.0,1.0,1.0,1.0,0.0,1.0,1.0,1.0,0.0
1813,1154846,1.0,1.0,1.0,1.0,0.0,1.0,1.0,1.0,1.0
1814,41468149,1.0,1.0,1.0,1.0,1.0,1.0,1.0,1.0,1.0
1815,247576,1.0,1.0,1.0,1.0,1.0,1.0,1.0,1.0,1.0
1816,993802353,1.0,1.0,1.0,1.0,1.0,1.0,1.0,1.0,1.0
1817,22442146,1.0,1.0,1.0,1.0,1.0,1.0,1.0,1.0,1.0
1818,7265547,1.0,1.0,1.0,1.0,1.0,1.0,1.0,1.0,1.0
1819,2032131,0.0,0.0,0.0,0.0,0.0,0.0,0.0,0.0,0.0
1821,8106122,1.0,1.0,1.0,1.0,1.0,1.0,1.0,1.0,1.0
1823,825090815,0.0,0.0,0.0,0.0,1.0,1.0,0.0,0.0,0.0
1824,3567812,1.0,1.0,1.0,1.0,1.0,1.0,1.0,1.0,1.0
1827,130502417,1.0,1.0,1.0,1.0,1.0,1.0,1.0,1.0,1.0
1828,14542759,0.0,0.0,0.0,0.0,0.0,1.0,0.0,0.0,0.0
1829,394845,1.0,1.0,1.0,1.0,1.0,1.0,1.0,1.0,1.0
1830,46453139,1.0,1.0,1.0,1.0,1.0,1.0,1.0,1.0,1.0
1831,43704471,1.0,1.0,1.0,1.0,1.0,1.0,1.0,1.0,1.0
1832,37348283,1.0,1.0,1.0,1.0,1.0,1.0,1.0,1.0,1.0
1834,189056,0.0,0.0,0.0,0.0,0.0,1.0,0.0,1.0,1.0
1835,7896192,1.0,1.0,1.0,1.0,1.0,1.0,1.0,1.0,1.0
1836,34876247,1.0,1.0,1.0,1.0,1.0,1.0,1.0,1.0,1.0
1838,24002549,1.0,1.0,1.0,1.0,1.0,1.0,1.0,1.0,1.0
1839,171193044,0.0,0.0,0.0,0.0,1.0,1.0,0.0,0.0,0.0
1841,625958,1.0,1.0,1.0,1.0,1.0,1.0,1.0,1.0,1.0
1843,2712081,0.0,0.0,0.0,0.0,1.0,1.0,0.0,1.0,0.0
1844,5008415,1.0,1.0,1.0,1.0,1.0,1.0,1.0,1.0,0.0
1845,830141957,1.0,1.0,1.0,1.0,1.0,1.0,1.0,1.0,0.0
1848,1949757,1.0,1.0,0.0,0.0,1.0,0.0,0.0,1.0,1.0
1849,22026162,1.0,1.0,1.0,1.0,1.0,1.0,1.0,1.0,1.0
1850,15697982,1.0,1.0,1.0,1.0,1.0,1.0,1.0,1.0,1.0
1851,766773,1.0,1.0,1.0,1.0,1.0,1.0,1.0,1.0,1.0
1852,113818,1.0,1.0,1.0,1.0,1.0,1.0,1.0,1.0,0.0
1854,180843,1.0,1.0,1.0,1.0,1.0,1.0,1.0,1.0,1.0
1857,13096759,0.0,0.0,0.0,0.0,1.0,0.0,0.0,0.0,0.0
1861,6935104,1.0,1.0,1.0,1.0,1.0,1.0,1.0,1.0,1.0
1863,3640420,1.0,1.0,1.0,1.0,1.0,1.0,1.0,1.0,1.0
1864,2972309,1.0,1.0,0.0,0.0,1.0,1.0,1.0,1.0,0.0
1866,755874407,1.0,1.0,1.0,1.0,1.0,0.0,1.0,1.0,1.0
1867,23591,1.0,1.0,1.0,1.0,1.0,1.0,1.0,1.0,0.0
1868,37222230,0.0,0.0,0.0,0.0,1.0,1.0,0.0,1.0,1.0
1869,1465895,1.0,1.0,1.0,1.0,1.0,1.0,1.0,1.0,1.0
1870,3944785,0.0,0.0,0.0,0.0,1.0,1.0,0.0,1.0,1.0
1871,4410987,1.0,1.0,1.0,1.0,1.0,0.0,1.0,1.0,0.0
1872,112010496,1.0,1.0,1.0,1.0,1.0,1.0,1.0,1.0,1.0
1873,14763627,0.0,0.0,0.0,0.0,1.0,1.0,0.0,0.0,0.0
1874,36411719,1.0,1.0,0.0,0.0,1.0,1.0,0.0,1.0,0.0
1875,4170863,1.0,1.0,1.0,1.0,1.0,1.0,1.0,1.0,1.0
1876,1317615,1.0,1.0,1.0,1.0,0.0,0.0,1.0,1.0,1.0
1878,619131,1.0,1.0,1.0,1.0,1.0,1.0,1.0,1.0,1.0
1880,28074981,1.0,1.0,1.0,1.0,1.0,1.0,1.0,1.0,1.0
1881,58309475,1.0,1.0,1.0,1.0,1.0,1.0,1.0,1.0,1.0
1882,36118522,1.0,1.0,1.0,1.0,1.0,1.0,1.0,1.0,1.0
1884,4437726,1.0,1.0,1.0,1.0,1.0,1.0,1.0,1.0,1.0
1887,5723439,1.0,1.0,1.0,1.0,1.0,1.0,1.0,1.0,1.0
1888,4876525,1.0,1.0,1.0,1.0,1.0,1.0,1.0,1.0,1.0
1889,198279,1.0,1.0,1.0,1.0,1.0,1.0,1.0,1.0,1.0
1890,9314662,1.0,1.0,1.0,1.0,0.0,0.0,1.0,1.0,1.0
1892,730393,1.0,1.0,1.0,1.0,1.0,1.0,1.0,1.0,1.0
1894,3707662,1.0,1.0,1.0,1.0,1.0,1.0,1.0,1.0,1.0
1897,2799470,1.0,1.0,1.0,1.0,1.0,1.0,1.0,1.0,1.0
1900,870356,0.0,0.0,0.0,0.0,0.0,0.0,0.0,0.0,0.0
1901,7711272,0.0,0.0,1.0,1.0,0.0,1.0,1.0,1.0,1.0
1902,5097835,1.0,1.0,1.0,1.0,1.0,1.0,1.0,1.0,1.0
1904,5855183,1.0,1.0,1.0,1.0,1.0,1.0,1.0,1.0,1.0
1905,44983417,1.0,1.0,1.0,1.0,0.0,1.0,1.0,1.0,0.0
1906,2906652,1.0,1.0,1.0,1.0,1.0,1.0,1.0,1.0,0.0
1907,4183207,1.0,1.0,1.0,1.0,1.0,1.0,1.0,1.0,1.0
1909,4621391,1.0,1.0,1.0,1.0,1.0,1.0,1.0,1.0,1.0
1910,28687174,1.0,1.0,1.0,1.0,1.0,1.0,1.0,1.0,1.0
1911,17481231,1.0,1.0,1.0,1.0,1.0,1.0,1.0,1.0,0.0
1912,3634492,0.0,0.0,0.0,0.0,1.0,1.0,0.0,1.0,0.0
1913,36161565,1.0,1.0,1.0,1.0,1.0,0.0,1.0,1.0,0.0
1914,3277687,1.0,1.0,1.0,1.0,1.0,1.0,1.0,1.0,1.0
1915,31387437,1.0,1.0,1.0,1.0,1.0,1.0,1.0,1.0,1.0
1917,6369278,1.0,1.0,1.0,1.0,1.0,1.0,1.0,1.0,1.0
1918,250535,1.0,1.0,1.0,1.0,1.0,1.0,1.0,1.0,1.0
1920,185614602,1.0,1.0,1.0,1.0,1.0,1.0,1.0,1.0,0.0
1921,17045894,1.0,1.0,1.0,1.0,1.0,1.0,1.0,1.0,1.0
1922,378028,1.0,1.0,1.0,1.0,1.0,1.0,1.0,1.0,0.0
1923,1756243,0.0,0.0,0.0,0.0,1.0,1.0,0.0,0.0,1.0
1925,24022528,1.0,1.0,1.0,1.0,1.0,0.0,1.0,1.0,1.0
1926,940693783,1.0,1.0,1.0,1.0,1.0,1.0,1.0,1.0,1.0
1927,209491,1.0,1.0,1.0,1.0,1.0,1.0,1.0,1.0,1.0
1928,2394218,1.0,1.0,1.0,1.0,1.0,1.0,1.0,1.0,1.0
1929,2387451,1.0,1.0,1.0,1.0,0.0,1.0,1.0,1.0,1.0
1930,4315022,1.0,1.0,1.0,1.0,1.0,1.0,1.0,1.0,1.0
1931,2611421,1.0,1.0,1.0,1.0,1.0,1.0,1.0,1.0,1.0
1932,1577325,1.0,1.0,1.0,1.0,1.0,1.0,1.0,1.0,1.0
1934,111457127,1.0,1.0,1.0,1.0,1.0,1.0,1.0,1.0,1.0
1935,42838816,0.0,0.0,0.0,0.0,0.0,1.0,0.0,0.0,0.0
1937,5081728,1.0,1.0,1.0,1.0,1.0,1.0,1.0,1.0,1.0
1938,15000195,0.0,0.0,0.0,0.0,1.0,1.0,0.0,0.0,1.0
1940,7900680,0.0,0.0,0.0,0.0,0.0,1.0,0.0,0.0,0.0
1942,18096389,1.0,1.0,1.0,1.0,1.0,1.0,1.0,1.0,1.0
1943,10497993,1.0,1.0,1.0,1.0,1.0,1.0,1.0,1.0,1.0
1944,3922766,1.0,1.0,1.0,1.0,1.0,1.0,1.0,1.0,1.0
1945,21454885,1.0,1.0,1.0,1.0,1.0,1.0,1.0,1.0,1.0
1948,836209,1.0,1.0,1.0,1.0,1.0,0.0,1.0,1.0,1.0
1949,26047109,1.0,1.0,1.0,1.0,1.0,1.0,1.0,1.0,0.0
1950,12906835,1.0,1.0,1.0,1.0,1.0,1.0,1.0,1.0,1.0
1951,204692,0.0,0.0,0.0,0.0,0.0,0.0,0.0,0.0,1.0
1954,59419501,1.0,1.0,1.0,1.0,1.0,1.0,1.0,1.0,1.0
1955,4120680,0.0,0.0,0.0,0.0,0.0,0.0,0.0,0.0,1.0
1957,14664844,1.0,1.0,0.0,0.0,1.0,1.0,1.0,1.0,1.0
1958,2652,0.0,0.0,0.0,0.0,1.0,0.0,0.0,0.0,1.0
1960,2489506,1.0,1.0,1.0,1.0,1.0,1.0,1.0,1.0,1.0
1961,7125913,1.0,1.0,1.0,1.0,1.0,1.0,1.0,1.0,1.0
1962,27410020,1.0,1.0,1.0,1.0,1.0,1.0,1.0,1.0,1.0
1963,192499423,1.0,1.0,1.0,1.0,1.0,1.0,1.0,1.0,1.0
1964,22112564,0.0,0.0,0.0,0.0,1.0,1.0,0.0,1.0,1.0
1966,21563160,1.0,1.0,1.0,1.0,1.0,1.0,1.0,1.0,1.0
1967,29208585,1.0,1.0,1.0,1.0,1.0,0.0,1.0,1.0,1.0
1968,21897888,0.0,0.0,0.0,0.0,1.0,0.0,0.0,0.0,0.0
1969,40759326,1.0,1.0,1.0,1.0,0.0,1.0,1.0,1.0,1.0
1971,5173596,1.0,1.0,1.0,1.0,1.0,1.0,1.0,1.0,1.0
1972,5919134,1.0,1.0,1.0,1.0,1.0,0.0,1.0,1.0,1.0
1973,1123759,1.0,1.0,1.0,1.0,1.0,1.0,1.0,1.0,1.0
1974,280621,0.0,0.0,0.0,0.0,0.0,0.0,0.0,0.0,0.0
1975,19580157,1.0,1.0,1.0,1.0,1.0,1.0,1.0,1.0,1.0
1976,5120792,1.0,1.0,0.0,0.0,1.0,1.0,1.0,1.0,1.0
1977,19693282,1.0,1.0,0.0,0.0,1.0,1.0,1.0,1.0,1.0
1978,29136310,1.0,1.0,1.0,1.0,1.0,1.0,1.0,1.0,1.0
1979,6397911,1.0,1.0,1.0,1.0,1.0,1.0,1.0,1.0,1.0
1980,17638919,0.0,0.0,0.0,0.0,1.0,1.0,0.0,1.0,1.0
1981,98581708,1.0,1.0,1.0,1.0,1.0,1.0,1.0,1.0,1.0
1982,8406210,1.0,1.0,1.0,1.0,1.0,1.0,1.0,1.0,1.0
1984,105072446,1.0,1.0,1.0,1.0,1.0,1.0,1.0,1.0,1.0
1985,13281519,1.0,1.0,1.0,1.0,1.0,1.0,1.0,1.0,0.0
1987,1047075,1.0,1.0,1.0,1.0,1.0,1.0,1.0,1.0,1.0
1988,33815400,1.0,1.0,1.0,1.0,1.0,1.0,1.0,1.0,1.0
1989,4714804,1.0,1.0,1.0,1.0,1.0,1.0,1.0,1.0,1.0
1990,38771671,1.0,1.0,1.0,1.0,1.0,1.0,1.0,1.0,1.0
1991,733585,0.0,0.0,0.0,0.0,0.0,1.0,0.0,0.0,0.0
1992,2943999,1.0,1.0,1.0,1.0,1.0,1.0,1.0,1.0,1.0
1993,4047857,1.0,1.0,1.0,1.0,1.0,1.0,1.0,1.0,0.0
1994,9552376,1.0,1.0,1.0,1.0,1.0,1.0,1.0,1.0,1.0
1995,1094702,1.0,1.0,1.0,1.0,1.0,0.0,1.0,1.0,0.0
1997,44096423,0.0,0.0,0.0,0.0,1.0,0.0,0.0,0.0,0.0
1998,4915844,1.0,1.0,1.0,1.0,1.0,1.0,1.0,1.0,1.0
1999,23030465,1.0,1.0,1.0,1.0,1.0,1.0,1.0,1.0,1.0
2000,3551055,1.0,1.0,1.0,1.0,1.0,1.0,1.0,1.0,1.0
2001,62901479,1.0,1.0,0.0,0.0,1.0,1.0,1.0,1.0,1.0
2002,41390049,1.0,1.0,0.0,0.0,0.0,1.0,0.0,0.0,0.0
2003,7496220,1.0,1.0,1.0,1.0,1.0,1.0,1.0,1.0,1.0
2005,25453631,1.0,1.0,1.0,1.0,0.0,1.0,1.0,1.0,1.0
2007,5475,1.0,1.0,1.0,1.0,1.0,1.0,1.0,1.0,1.0
2009,2411566,1.0,1.0,1.0,1.0,1.0,0.0,1.0,1.0,1.0
2010,3257471,1.0,1.0,1.0,1.0,1.0,1.0,1.0,1.0,1.0
2011,26015099,1.0,1.0,1.0,1.0,1.0,1.0,1.0,1.0,0.0
2012,47119025,1.0,1.0,1.0,1.0,1.0,1.0,1.0,1.0,1.0
2013,35360638,1.0,1.0,1.0,1.0,1.0,1.0,1.0,1.0,1.0
2014,25597883,1.0,1.0,1.0,1.0,1.0,1.0,1.0,1.0,1.0
2015,18696648,1.0,1.0,1.0,1.0,1.0,1.0,1.0,1.0,1.0
2016,2884485,0.0,0.0,0.0,0.0,1.0,1.0,0.0,1.0,0.0
2017,1880273,1.0,1.0,0.0,0.0,0.0,0.0,0.0,0.0,1.0
2018,5523231,1.0,1.0,1.0,1.0,1.0,1.0,1.0,1.0,1.0
2019,25928221,1.0,1.0,1.0,1.0,0.0,1.0,1.0,1.0,0.0
2020,39516640,1.0,1.0,1.0,1.0,0.0,1.0,1.0,1.0,0.0
2021,22737762,1.0,1.0,1.0,1.0,1.0,1.0,1.0,1.0,1.0
2022,9653390,1.0,1.0,1.0,1.0,1.0,1.0,1.0,1.0,1.0
2023,29425562,0.0,0.0,0.0,0.0,0.0,1.0,0.0,0.0,0.0
2024,13306159,1.0,1.0,1.0,1.0,1.0,1.0,1.0,1.0,1.0
2026,1560607,1.0,1.0,1.0,1.0,1.0,1.0,1.0,1.0,0.0
2027,11721093,1.0,1.0,1.0,1.0,1.0,1.0,1.0,1.0,1.0
2028,22031766,1.0,1.0,0.0,0.0,1.0,1.0,1.0,1.0,1.0
2029,26738343,1.0,1.0,1.0,1.0,0.0,1.0,1.0,1.0,1.0
2030,45700082,1.0,1.0,1.0,1.0,0.0,1.0,1.0,1.0,1.0
2034,48432523,1.0,1.0,1.0,1.0,1.0,1.0,1.0,1.0,1.0
2035,32862283,0.0,0.0,0.0,0.0,1.0,1.0,0.0,1.0,1.0
2036,103781715,1.0,1.0,1.0,1.0,1.0,1.0,1.0,1.0,1.0
2037,103781715,1.0,1.0,1.0,1.0,1.0,1.0,1.0,1.0,1.0
2038,103781715,1.0,1.0,1.0,1.0,1.0,1.0,1.0,1.0,1.0
2039,103781715,1.0,1.0,1.0,1.0,1.0,1.0,1.0,1.0,1.0
2041,29184412,1.0,1.0,1.0,1.0,1.0,1.0,1.0,1.0,1.0
2043,9602583,1.0,1.0,1.0,1.0,1.0,1.0,1.0,1.0,1.0
2044,34271567,1.0,1.0,1.0,1.0,1.0,1.0,1.0,1.0,1.0
2045,13015856,1.0,1.0,0.0,0.0,0.0,0.0,0.0,0.0,1.0
2046,164520938,1.0,1.0,1.0,1.0,1.0,1.0,1.0,1.0,1.0
2047,4644448,1.0,1.0,1.0,1.0,1.0,1.0,1.0,1.0,1.0
2048,23926740,1.0,1.0,1.0,1.0,1.0,1.0,1.0,1.0,1.0
2049,2967599,1.0,1.0,0.0,0.0,1.0,1.0,1.0,1.0,0.0
2050,121445055,1.0,1.0,1.0,1.0,1.0,1.0,1.0,1.0,1.0
2051,31418848,1.0,1.0,1.0,1.0,1.0,1.0,1.0,1.0,1.0
2052,24338475,1.0,1.0,1.0,1.0,1.0,1.0,1.0,1.0,1.0
2054,1926755,1.0,1.0,1.0,1.0,1.0,1.0,1.0,1.0,1.0
2056,1444469,1.0,1.0,1.0,1.0,1.0,1.0,1.0,1.0,1.0
2057,23854066,0.0,0.0,0.0,0.0,1.0,1.0,0.0,0.0,0.0
2058,1843396,1.0,1.0,0.0,0.0,1.0,1.0,1.0,1.0,1.0
2059,110154227,1.0,1.0,1.0,1.0,1.0,1.0,1.0,1.0,1.0
2060,1560683,1.0,1.0,1.0,1.0,1.0,1.0,1.0,1.0,1.0
2062,118970828,1.0,1.0,1.0,1.0,1.0,1.0,1.0,1.0,1.0
2063,2173921,1.0,1.0,1.0,1.0,0.0,1.0,1.0,1.0,0.0
2064,15169195,1.0,1.0,1.0,1.0,1.0,1.0,1.0,1.0,1.0
2065,145543,1.0,1.0,0.0,0.0,1.0,0.0,1.0,1.0,0.0
2066,4130896,1.0,1.0,1.0,1.0,0.0,1.0,1.0,1.0,1.0
2067,3374623,1.0,1.0,1.0,1.0,1.0,1.0,1.0,1.0,1.0
2069,746460,1.0,1.0,1.0,1.0,0.0,1.0,1.0,1.0,1.0
2070,4612547,0.0,0.0,0.0,0.0,0.0,1.0,0.0,0.0,1.0
2071,21244961,0.0,0.0,0.0,0.0,0.0,1.0,0.0,1.0,0.0
2072,32362790,0.0,0.0,0.0,0.0,0.0,1.0,0.0,0.0,1.0
2073,10544270,1.0,1.0,1.0,1.0,1.0,1.0,1.0,1.0,1.0
2074,2427733,1.0,1.0,1.0,1.0,1.0,1.0,1.0,1.0,1.0
2075,748660,1.0,1.0,1.0,1.0,1.0,1.0,1.0,1.0,1.0
2077,1328222,1.0,1.0,1.0,1.0,1.0,1.0,1.0,1.0,1.0
2078,592268,1.0,1.0,1.0,1.0,1.0,1.0,1.0,1.0,1.0
2079,6274866,1.0,1.0,1.0,1.0,1.0,1.0,1.0,1.0,1.0
2080,6357435,1.0,1.0,1.0,1.0,1.0,1.0,1.0,1.0,1.0
2081,1851814,1.0,1.0,1.0,1.0,1.0,1.0,1.0,1.0,1.0
2084,62501374,0.0,0.0,0.0,0.0,0.0,1.0,0.0,0.0,1.0
2086,3464501,1.0,1.0,1.0,1.0,1.0,1.0,1.0,1.0,1.0
2087,182537944,1.0,1.0,1.0,1.0,1.0,1.0,1.0,1.0,1.0
2089,7168662,0.0,0.0,0.0,0.0,1.0,1.0,0.0,0.0,1.0
2090,1144320,1.0,1.0,1.0,1.0,1.0,1.0,1.0,1.0,1.0
2091,22587603,1.0,1.0,1.0,1.0,1.0,1.0,1.0,1.0,1.0
2092,1029518,1.0,1.0,1.0,1.0,1.0,1.0,1.0,1.0,1.0
2094,1275858,1.0,1.0,1.0,1.0,1.0,1.0,1.0,1.0,1.0
2095,22682759,0.0,0.0,0.0,0.0,1.0,1.0,0.0,0.0,1.0
2098,77732,1.0,1.0,1.0,1.0,1.0,1.0,1.0,1.0,1.0
2100,1033356,1.0,1.0,1.0,1.0,1.0,1.0,1.0,1.0,1.0
2101,4275420,1.0,1.0,1.0,1.0,1.0,1.0,1.0,1.0,1.0
2102,1865092,0.0,0.0,0.0,0.0,1.0,0.0,0.0,0.0,1.0
2104,4521078,1.0,1.0,1.0,1.0,1.0,1.0,1.0,1.0,0.0
2107,7969690,0.0,0.0,0.0,0.0,1.0,1.0,0.0,1.0,1.0
2108,817262827,0.0,0.0,0.0,0.0,0.0,1.0,0.0,0.0,1.0
2110,931009,1.0,1.0,1.0,1.0,1.0,1.0,1.0,1.0,1.0
2111,4626779,1.0,1.0,1.0,1.0,1.0,1.0,1.0,1.0,1.0
2112,1898821,0.0,0.0,0.0,0.0,1.0,1.0,0.0,1.0,1.0
2114,345468,0.0,0.0,0.0,0.0,0.0,0.0,0.0,0.0,1.0
2115,32454330,1.0,1.0,1.0,1.0,1.0,1.0,1.0,1.0,1.0
2117,875339,1.0,1.0,1.0,1.0,1.0,1.0,1.0,1.0,1.0
2118,1017516288,0.0,0.0,0.0,0.0,1.0,0.0,0.0,0.0,0.0
2119,26112940,1.0,1.0,1.0,1.0,0.0,1.0,1.0,1.0,1.0
2121,1235067,1.0,1.0,1.0,1.0,1.0,1.0,1.0,1.0,1.0
2122,6402938,1.0,1.0,1.0,1.0,1.0,1.0,1.0,1.0,1.0
2123,23755318,1.0,1.0,1.0,1.0,1.0,1.0,1.0,1.0,1.0
2124,126220820,1.0,1.0,1.0,1.0,1.0,1.0,1.0,1.0,1.0
2125,136667846,1.0,1.0,1.0,1.0,1.0,1.0,1.0,1.0,1.0
2126,35837648,1.0,1.0,1.0,1.0,1.0,1.0,1.0,1.0,0.0
2127,53144998,1.0,1.0,1.0,1.0,1.0,1.0,1.0,1.0,1.0
2130,2465430,1.0,1.0,1.0,1.0,1.0,1.0,1.0,1.0,1.0
2131,2121961,1.0,1.0,1.0,1.0,1.0,1.0,1.0,1.0,1.0
2132,4971217,1.0,1.0,1.0,1.0,1.0,1.0,1.0,1.0,1.0
2133,33850842,1.0,1.0,1.0,1.0,1.0,1.0,1.0,1.0,1.0
2134,14854039,1.0,1.0,1.0,1.0,1.0,1.0,1.0,1.0,1.0
2135,812151623,1.0,1.0,1.0,1.0,1.0,1.0,1.0,1.0,1.0
2138,3418666,1.0,1.0,1.0,1.0,0.0,1.0,1.0,1.0,1.0
2140,741565,1.0,1.0,1.0,1.0,1.0,1.0,1.0,1.0,1.0
2141,16952098,1.0,1.0,1.0,1.0,1.0,1.0,1.0,1.0,1.0
2142,4115711,1.0,1.0,1.0,1.0,1.0,1.0,1.0,1.0,0.0
2143,806607,1.0,1.0,1.0,1.0,1.0,1.0,1.0,1.0,1.0
2144,1196973,1.0,1.0,1.0,1.0,1.0,1.0,1.0,1.0,1.0
2145,125630,1.0,1.0,1.0,1.0,1.0,1.0,1.0,1.0,1.0
2148,752973454,1.0,1.0,1.0,1.0,1.0,1.0,1.0,1.0,1.0
2151,17394750,0.0,0.0,0.0,0.0,1.0,1.0,0.0,0.0,1.0
2153,27814601,1.0,1.0,1.0,1.0,1.0,1.0,1.0,1.0,1.0
2156,7649271,1.0,1.0,1.0,1.0,1.0,1.0,1.0,1.0,1.0
2158,1464942,1.0,1.0,1.0,1.0,1.0,1.0,1.0,1.0,1.0
2159,24284224,1.0,1.0,1.0,1.0,1.0,1.0,1.0,1.0,1.0
2160,1950184,1.0,1.0,1.0,1.0,1.0,1.0,1.0,1.0,1.0
2161,108286531,1.0,1.0,1.0,1.0,1.0,1.0,1.0,1.0,1.0
2162,15913093,1.0,1.0,1.0,1.0,1.0,1.0,1.0,1.0,1.0
2164,2130700,1.0,1.0,1.0,1.0,1.0,1.0,1.0,1.0,1.0
2165,63746853,1.0,1.0,1.0,1.0,1.0,1.0,1.0,1.0,1.0
2166,39788008,1.0,1.0,1.0,1.0,1.0,1.0,1.0,1.0,1.0
2167,24622602,1.0,1.0,1.0,1.0,1.0,1.0,1.0,1.0,1.0
2168,1205250,1.0,1.0,1.0,1.0,1.0,1.0,1.0,1.0,0.0
2169,3482843,1.0,1.0,1.0,1.0,1.0,1.0,1.0,1.0,1.0
2170,200017,1.0,1.0,0.0,0.0,1.0,0.0,1.0,1.0,1.0
2171,24805062,1.0,1.0,1.0,1.0,1.0,1.0,1.0,1.0,1.0
2172,383795,1.0,1.0,1.0,1.0,1.0,1.0,1.0,1.0,0.0
2173,15256233,1.0,1.0,1.0,1.0,1.0,1.0,1.0,1.0,1.0
2174,8904115,1.0,1.0,1.0,1.0,1.0,1.0,1.0,1.0,1.0
2175,24964200,1.0,1.0,1.0,1.0,1.0,1.0,1.0,1.0,1.0
2176,26124091,1.0,1.0,1.0,1.0,1.0,1.0,1.0,1.0,1.0
2177,37777526,1.0,1.0,1.0,1.0,1.0,0.0,1.0,1.0,1.0
2179,109920358,1.0,1.0,1.0,1.0,1.0,1.0,1.0,1.0,1.0
2180,4557707,0.0,0.0,0.0,0.0,0.0,0.0,0.0,0.0,0.0
2181,6394342,1.0,1.0,1.0,1.0,1.0,1.0,1.0,1.0,1.0
2182,400678,1.0,1.0,1.0,1.0,1.0,0.0,1.0,1.0,1.0
2183,50182713,1.0,1.0,1.0,1.0,1.0,1.0,1.0,1.0,1.0
2184,31573131,1.0,1.0,0.0,0.0,1.0,1.0,1.0,1.0,1.0
2185,43156826,1.0,1.0,1.0,1.0,1.0,1.0,1.0,1.0,1.0
2187,1506581,0.0,0.0,0.0,0.0,1.0,1.0,0.0,1.0,1.0
2188,2067967,1.0,1.0,1.0,1.0,0.0,1.0,1.0,1.0,1.0
2189,44987070,1.0,1.0,0.0,0.0,1.0,1.0,0.0,1.0,0.0
2191,99461,1.0,1.0,1.0,1.0,1.0,1.0,1.0,1.0,1.0
2194,4637165,1.0,1.0,1.0,1.0,1.0,1.0,1.0,1.0,1.0
2195,760091300,1.0,1.0,1.0,1.0,1.0,1.0,1.0,1.0,1.0
2196,26648522,0.0,0.0,0.0,0.0,1.0,1.0,0.0,1.0,1.0
2197,4020007,0.0,0.0,0.0,0.0,0.0,1.0,0.0,0.0,0.0
2198,7969652,1.0,1.0,1.0,1.0,1.0,1.0,1.0,1.0,1.0
2199,21208674,1.0,1.0,1.0,1.0,1.0,1.0,1.0,1.0,1.0
2200,1962428,1.0,1.0,1.0,1.0,1.0,1.0,1.0,1.0,1.0
2202,113969,1.0,1.0,1.0,1.0,1.0,1.0,1.0,1.0,1.0
2203,1784782,1.0,1.0,1.0,1.0,1.0,1.0,1.0,1.0,1.0
2205,1868968,1.0,1.0,1.0,1.0,1.0,1.0,1.0,1.0,1.0
2206,156865,1.0,1.0,1.0,1.0,1.0,1.0,1.0,1.0,1.0
2208,37402123,1.0,1.0,1.0,1.0,1.0,1.0,1.0,1.0,1.0
2209,116029673,1.0,1.0,1.0,1.0,1.0,1.0,1.0,1.0,1.0
2210,23262931,0.0,0.0,0.0,0.0,1.0,0.0,0.0,0.0,0.0
2211,173776350,1.0,1.0,1.0,1.0,1.0,1.0,1.0,1.0,1.0
2212,1913476,1.0,1.0,1.0,1.0,1.0,1.0,1.0,1.0,1.0
2213,9269153,1.0,1.0,1.0,1.0,1.0,1.0,1.0,1.0,1.0
2215,104792795,1.0,1.0,1.0,1.0,1.0,1.0,1.0,1.0,0.0
2217,14673043,1.0,1.0,1.0,1.0,1.0,1.0,1.0,1.0,0.0
2218,48197602,1.0,1.0,1.0,1.0,1.0,1.0,1.0,1.0,1.0
2219,2119884,1.0,1.0,1.0,1.0,1.0,1.0,1.0,1.0,1.0
2220,62645486,1.0,1.0,1.0,1.0,1.0,1.0,1.0,1.0,1.0
2221,33206975,1.0,1.0,1.0,1.0,0.0,1.0,1.0,1.0,1.0
2222,43078,1.0,1.0,1.0,1.0,1.0,1.0,1.0,1.0,1.0
2223,977029032,1.0,1.0,1.0,1.0,1.0,1.0,1.0,1.0,1.0
2224,17059291,1.0,1.0,1.0,1.0,1.0,1.0,1.0,1.0,0.0
2225,23890628,1.0,1.0,1.0,1.0,1.0,1.0,1.0,1.0,1.0
2226,29649038,1.0,1.0,1.0,1.0,1.0,1.0,1.0,1.0,1.0
2227,38712947,1.0,1.0,1.0,1.0,0.0,1.0,1.0,1.0,1.0
2228,1768855,1.0,1.0,1.0,1.0,0.0,1.0,1.0,1.0,0.0
2229,1183003,1.0,1.0,1.0,1.0,1.0,1.0,1.0,1.0,1.0
2232,1720214,1.0,1.0,1.0,1.0,1.0,1.0,1.0,1.0,1.0
2233,86762,1.0,1.0,1.0,1.0,1.0,1.0,1.0,1.0,1.0
2234,11336629,1.0,1.0,1.0,1.0,1.0,1.0,1.0,1.0,1.0
2235,21364240,1.0,1.0,1.0,1.0,1.0,1.0,1.0,1.0,1.0
2237,8982995,0.0,0.0,0.0,0.0,0.0,1.0,0.0,1.0,0.0
2238,836019761,1.0,1.0,1.0,1.0,1.0,1.0,1.0,1.0,1.0
2240,5804156,1.0,1.0,1.0,1.0,1.0,1.0,1.0,1.0,1.0
2241,1685119,1.0,1.0,1.0,1.0,1.0,1.0,1.0,1.0,1.0
2242,1428162,1.0,1.0,1.0,1.0,1.0,1.0,1.0,1.0,0.0
2243,6366023,1.0,1.0,1.0,1.0,1.0,1.0,1.0,1.0,1.0
2245,14237,1.0,1.0,1.0,1.0,0.0,1.0,1.0,1.0,1.0
2246,197828,1.0,1.0,1.0,1.0,1.0,1.0,1.0,1.0,1.0
2247,26921478,1.0,1.0,1.0,1.0,1.0,1.0,1.0,1.0,1.0
2249,5965035,1.0,1.0,1.0,1.0,1.0,1.0,1.0,1.0,0.0
2250,1732096,1.0,1.0,1.0,1.0,1.0,1.0,1.0,1.0,1.0
2251,850606697,1.0,1.0,1.0,1.0,1.0,1.0,1.0,1.0,1.0
2252,36820091,1.0,1.0,0.0,0.0,1.0,1.0,0.0,1.0,1.0
2253,3592489,1.0,1.0,1.0,1.0,1.0,1.0,1.0,1.0,1.0
2254,2228403,0.0,0.0,0.0,0.0,1.0,1.0,0.0,1.0,1.0
2255,1209771,1.0,1.0,1.0,1.0,1.0,1.0,1.0,1.0,1.0
2256,1713626,0.0,0.0,0.0,0.0,1.0,1.0,0.0,1.0,1.0
2258,84863353,0.0,0.0,0.0,0.0,0.0,0.0,0.0,0.0,0.0
2260,11443190,1.0,1.0,0.0,0.0,0.0,0.0,0.0,0.0,1.0
2261,4433625,0.0,0.0,0.0,0.0,0.0,1.0,0.0,0.0,1.0
2262,32290263,1.0,1.0,1.0,1.0,1.0,1.0,1.0,1.0,1.0
2263,16518087,1.0,1.0,1.0,1.0,1.0,1.0,1.0,1.0,1.0
2264,4398337,0.0,0.0,0.0,0.0,0.0,1.0,0.0,1.0,0.0
2265,8872955,1.0,1.0,1.0,1.0,1.0,1.0,1.0,1.0,0.0
2267,59843,1.0,1.0,1.0,1.0,1.0,1.0,1.0,1.0,1.0
2268,5571462,1.0,1.0,1.0,1.0,1.0,0.0,1.0,1.0,0.0
2269,25136394,1.0,1.0,1.0,1.0,1.0,1.0,1.0,1.0,1.0
2270,27086750,1.0,1.0,1.0,1.0,1.0,1.0,1.0,1.0,1.0
2273,1993128,1.0,1.0,1.0,1.0,1.0,1.0,1.0,1.0,0.0
2275,793871,1.0,1.0,1.0,1.0,1.0,1.0,1.0,1.0,1.0
2276,6018044,1.0,1.0,1.0,1.0,1.0,1.0,1.0,1.0,1.0
2279,31505453,1.0,1.0,1.0,1.0,1.0,1.0,1.0,1.0,1.0
2280,49400177,1.0,1.0,1.0,1.0,1.0,1.0,1.0,0.0,0.0
2281,21240366,1.0,1.0,1.0,1.0,1.0,1.0,1.0,1.0,1.0
2282,4137774,1.0,1.0,1.0,1.0,1.0,1.0,1.0,1.0,1.0
2283,6230247,1.0,1.0,1.0,1.0,1.0,1.0,1.0,1.0,1.0
2284,116213,1.0,1.0,1.0,1.0,1.0,1.0,1.0,1.0,0.0
2285,25293359,1.0,1.0,1.0,1.0,1.0,1.0,1.0,1.0,1.0
2286,7172470,1.0,1.0,1.0,1.0,1.0,1.0,1.0,1.0,1.0
2288,6016555,1.0,1.0,1.0,1.0,1.0,1.0,1.0,1.0,0.0
2289,84411621,1.0,1.0,1.0,1.0,1.0,1.0,1.0,1.0,1.0
2290,852150,1.0,1.0,1.0,1.0,1.0,1.0,1.0,1.0,0.0
2291,17176667,1.0,1.0,1.0,1.0,1.0,1.0,1.0,1.0,1.0
2295,104647238,1.0,1.0,1.0,1.0,1.0,1.0,1.0,1.0,0.0
2296,1099574,1.0,1.0,1.0,1.0,1.0,1.0,1.0,1.0,1.0
2299,974828,0.0,0.0,0.0,0.0,1.0,1.0,0.0,1.0,1.0
2300,6313578,1.0,1.0,1.0,1.0,1.0,1.0,1.0,1.0,0.0
2301,54653240,1.0,1.0,1.0,1.0,1.0,1.0,1.0,1.0,1.0
2302,7427638,1.0,1.0,1.0,1.0,0.0,1.0,1.0,0.0,1.0
2303,9327622,1.0,1.0,1.0,1.0,0.0,0.0,1.0,0.0,0.0
2304,3910145,1.0,1.0,1.0,1.0,1.0,1.0,1.0,1.0,1.0
2305,20497129,1.0,1.0,1.0,1.0,1.0,1.0,1.0,1.0,1.0
2307,35634371,0.0,0.0,0.0,0.0,1.0,1.0,0.0,0.0,0.0
2308,1343453,1.0,1.0,1.0,1.0,1.0,1.0,1.0,1.0,1.0
2309,863750768,1.0,1.0,1.0,1.0,1.0,1.0,1.0,1.0,0.0
2310,6270696,1.0,1.0,1.0,1.0,1.0,1.0,1.0,1.0,1.0
2312,5355844,1.0,1.0,1.0,1.0,1.0,1.0,1.0,1.0,1.0
2313,1973131,1.0,1.0,1.0,1.0,1.0,1.0,1.0,1.0,1.0
2314,61122000,1.0,1.0,1.0,1.0,1.0,1.0,1.0,1.0,1.0
2315,23736599,0.0,0.0,0.0,0.0,1.0,1.0,0.0,0.0,1.0
2317,997387,1.0,1.0,1.0,1.0,1.0,1.0,1.0,1.0,1.0
2318,20860392,1.0,1.0,1.0,1.0,1.0,1.0,1.0,1.0,1.0
2319,1999574,1.0,1.0,1.0,1.0,1.0,1.0,1.0,1.0,0.0
2320,346187,0.0,0.0,0.0,0.0,1.0,1.0,0.0,0.0,0.0
2321,2676837,1.0,1.0,1.0,1.0,1.0,1.0,1.0,1.0,1.0
2322,2919585,1.0,1.0,1.0,1.0,1.0,1.0,1.0,1.0,1.0
2323,106631,0.0,0.0,0.0,0.0,0.0,0.0,0.0,0.0,0.0
2325,6416526,1.0,1.0,1.0,1.0,1.0,1.0,1.0,1.0,1.0
2326,5584242,1.0,1.0,1.0,1.0,1.0,1.0,1.0,1.0,1.0
2328,1203308,1.0,1.0,1.0,1.0,0.0,0.0,1.0,1.0,0.0
2329,195720453,1.0,1.0,1.0,1.0,1.0,1.0,1.0,1.0,1.0
2330,26137599,0.0,0.0,0.0,0.0,1.0,0.0,0.0,1.0,0.0
2331,6587299,1.0,1.0,1.0,1.0,1.0,0.0,1.0,1.0,1.0
2332,2030311,0.0,0.0,0.0,0.0,1.0,1.0,0.0,1.0,1.0
2333,793827413,1.0,1.0,1.0,1.0,1.0,1.0,1.0,1.0,1.0
2334,6315819,1.0,1.0,1.0,1.0,1.0,1.0,1.0,1.0,0.0
2335,1185400,1.0,1.0,1.0,1.0,1.0,1.0,1.0,1.0,1.0
2336,29762014,1.0,1.0,1.0,1.0,1.0,1.0,1.0,1.0,1.0
2337,2578994,0.0,0.0,0.0,0.0,1.0,1.0,0.0,0.0,0.0
2338,3400874,1.0,1.0,1.0,1.0,1.0,1.0,1.0,1.0,1.0
2339,3068182,1.0,1.0,1.0,1.0,1.0,1.0,1.0,1.0,1.0
2340,11610912,1.0,1.0,1.0,1.0,1.0,1.0,1.0,1.0,1.0
2342,2651863,1.0,1.0,1.0,1.0,1.0,1.0,1.0,1.0,1.0
2344,4753512,1.0,1.0,1.0,1.0,1.0,1.0,1.0,1.0,1.0
2346,58822025,1.0,1.0,1.0,1.0,1.0,1.0,1.0,1.0,1.0
2347,42785706,1.0,1.0,1.0,1.0,1.0,1.0,1.0,1.0,1.0
2348,4804325,0.0,0.0,0.0,0.0,1.0,1.0,0.0,0.0,1.0
2349,45841,1.0,1.0,1.0,1.0,1.0,1.0,1.0,1.0,1.0
2350,827763650,1.0,1.0,1.0,1.0,1.0,1.0,1.0,1.0,1.0
2351,40828000,1.0,1.0,1.0,1.0,1.0,1.0,1.0,1.0,0.0
2352,1417821,1.0,1.0,1.0,1.0,1.0,1.0,1.0,1.0,1.0
2353,6343344,0.0,0.0,0.0,0.0,1.0,0.0,0.0,0.0,1.0
2354,3566317,0.0,0.0,0.0,0.0,1.0,1.0,0.0,1.0,0.0
2355,206017,0.0,0.0,0.0,0.0,0.0,1.0,0.0,0.0,1.0
2356,14212999,1.0,1.0,1.0,1.0,1.0,1.0,1.0,1.0,1.0
2357,4723721,1.0,1.0,1.0,1.0,1.0,1.0,1.0,1.0,1.0
2361,27455025,1.0,1.0,1.0,1.0,1.0,0.0,1.0,1.0,1.0
2364,24472249,1.0,1.0,1.0,1.0,1.0,1.0,1.0,1.0,1.0
2365,3243580,1.0,1.0,1.0,1.0,1.0,0.0,1.0,1.0,0.0
2366,64034187,1.0,1.0,1.0,1.0,1.0,1.0,1.0,1.0,0.0
2367,5163506,1.0,1.0,0.0,0.0,1.0,1.0,0.0,1.0,1.0
2368,13660424,1.0,1.0,1.0,1.0,1.0,1.0,1.0,1.0,1.0
2369,5985140,0.0,0.0,0.0,0.0,1.0,1.0,0.0,1.0,1.0
2370,5109839,1.0,1.0,1.0,1.0,1.0,1.0,1.0,1.0,1.0
2371,22427621,1.0,1.0,1.0,1.0,1.0,1.0,1.0,1.0,1.0
2372,3335881,1.0,1.0,1.0,1.0,1.0,1.0,1.0,1.0,1.0
2373,535518,1.0,1.0,1.0,1.0,1.0,1.0,1.0,1.0,1.0
2375,11576,1.0,1.0,1.0,1.0,1.0,1.0,1.0,1.0,1.0
2376,3069800,0.0,0.0,0.0,0.0,0.0,1.0,0.0,1.0,1.0
2377,5029642,1.0,1.0,1.0,1.0,1.0,1.0,1.0,1.0,0.0
2379,4401303,1.0,1.0,1.0,1.0,1.0,1.0,1.0,1.0,1.0
2380,5297982,1.0,1.0,1.0,1.0,1.0,1.0,1.0,1.0,1.0
2385,12941750,1.0,1.0,1.0,1.0,1.0,1.0,1.0,1.0,1.0
2386,9546073,1.0,1.0,1.0,1.0,1.0,1.0,1.0,1.0,1.0
2388,47495308,1.0,1.0,1.0,1.0,1.0,1.0,1.0,1.0,1.0
2389,580468,0.0,0.0,0.0,0.0,1.0,0.0,0.0,1.0,1.0
2390,612567,1.0,1.0,1.0,1.0,1.0,1.0,1.0,1.0,1.0
2392,2651144,1.0,1.0,1.0,1.0,1.0,1.0,1.0,1.0,1.0
2396,2851629,1.0,1.0,1.0,1.0,1.0,1.0,1.0,1.0,1.0
2397,6820150,1.0,1.0,1.0,1.0,1.0,1.0,1.0,0.0,1.0
2398,1258726,1.0,1.0,1.0,1.0,1.0,1.0,1.0,1.0,1.0
2399,6283440,1.0,1.0,1.0,1.0,1.0,1.0,1.0,1.0,1.0
2400,3836049,1.0,1.0,1.0,1.0,1.0,1.0,1.0,1.0,1.0
2401,45456692,1.0,1.0,1.0,1.0,1.0,1.0,1.0,1.0,1.0
2402,133512231,0.0,0.0,0.0,0.0,1.0,1.0,0.0,1.0,1.0
2403,38926164,1.0,1.0,1.0,1.0,1.0,1.0,1.0,1.0,1.0
2405,10255791,1.0,1.0,1.0,1.0,1.0,1.0,1.0,1.0,1.0
2407,36095373,1.0,1.0,1.0,1.0,1.0,1.0,1.0,1.0,1.0
2408,349881,1.0,1.0,1.0,1.0,1.0,1.0,1.0,1.0,1.0
2409,4162329,1.0,1.0,1.0,1.0,1.0,1.0,1.0,1.0,1.0
2410,22263414,1.0,1.0,0.0,0.0,1.0,1.0,1.0,1.0,1.0
2411,673523,1.0,1.0,0.0,0.0,0.0,1.0,0.0,1.0,1.0
2412,7873505,1.0,1.0,1.0,1.0,1.0,1.0,1.0,1.0,1.0
2413,2209190,1.0,1.0,1.0,1.0,1.0,1.0,1.0,1.0,1.0
2414,9352307,0.0,0.0,0.0,0.0,1.0,1.0,0.0,1.0,0.0
2416,3577000,1.0,1.0,1.0,1.0,1.0,1.0,1.0,1.0,1.0
2418,3426529,1.0,1.0,1.0,1.0,1.0,1.0,1.0,1.0,1.0
2419,17747680,1.0,1.0,1.0,1.0,0.0,1.0,1.0,1.0,1.0
2420,13529260,1.0,1.0,1.0,1.0,1.0,1.0,1.0,1.0,1.0
2421,221422990,1.0,1.0,1.0,1.0,1.0,1.0,1.0,1.0,1.0
2424,53135395,1.0,1.0,1.0,1.0,1.0,1.0,1.0,1.0,1.0
2425,4467290,1.0,1.0,1.0,1.0,1.0,1.0,1.0,1.0,1.0
2426,118513808,1.0,1.0,1.0,1.0,1.0,1.0,1.0,1.0,1.0
2427,1651312,1.0,1.0,1.0,1.0,1.0,1.0,1.0,1.0,1.0
2431,8315235,0.0,0.0,1.0,1.0,0.0,1.0,1.0,0.0,0.0
2432,6271321,1.0,1.0,1.0,1.0,1.0,1.0,1.0,1.0,0.0
2433,1054124,1.0,1.0,1.0,1.0,0.0,1.0,1.0,1.0,1.0
2434,955990646,1.0,1.0,1.0,1.0,1.0,1.0,1.0,1.0,1.0
2435,1847250,1.0,1.0,1.0,1.0,1.0,1.0,1.0,1.0,1.0
2437,6835805,1.0,1.0,1.0,1.0,1.0,1.0,1.0,0.0,0.0
2438,36520547,1.0,1.0,1.0,1.0,1.0,1.0,1.0,1.0,1.0
2439,40908214,0.0,0.0,0.0,0.0,1.0,1.0,0.0,0.0,1.0
2442,698337126,1.0,1.0,1.0,1.0,1.0,1.0,1.0,1.0,1.0
2443,3683729,1.0,1.0,1.0,1.0,1.0,1.0,1.0,1.0,1.0
2444,14694624,1.0,1.0,1.0,1.0,1.0,1.0,1.0,1.0,0.0
2445,27739669,1.0,1.0,1.0,1.0,1.0,1.0,1.0,1.0,1.0
2446,58418813,1.0,1.0,1.0,1.0,1.0,1.0,1.0,1.0,1.0
2447,930682,1.0,1.0,1.0,1.0,1.0,1.0,1.0,1.0,1.0
2448,119242350,1.0,1.0,1.0,1.0,1.0,1.0,1.0,1.0,0.0
2449,5700342,0.0,0.0,0.0,0.0,1.0,1.0,0.0,0.0,0.0
2450,51670337,1.0,1.0,1.0,1.0,1.0,1.0,1.0,1.0,1.0
2451,5552100,1.0,1.0,1.0,1.0,1.0,1.0,1.0,1.0,1.0
2452,31791804,1.0,1.0,1.0,1.0,1.0,1.0,1.0,1.0,1.0
2453,1111568,1.0,1.0,1.0,1.0,1.0,1.0,1.0,1.0,1.0
2455,2052889,1.0,1.0,1.0,1.0,1.0,1.0,1.0,1.0,1.0
2456,1514292,1.0,1.0,1.0,1.0,1.0,1.0,1.0,1.0,0.0
2457,7696010,1.0,1.0,1.0,1.0,1.0,1.0,1.0,1.0,1.0
2458,2068215,1.0,1.0,1.0,1.0,1.0,1.0,1.0,1.0,1.0
2459,1328549,1.0,1.0,1.0,1.0,1.0,1.0,1.0,1.0,0.0
2460,26279547,0.0,0.0,0.0,0.0,1.0,0.0,0.0,0.0,0.0
2462,33274995,1.0,1.0,1.0,1.0,1.0,1.0,1.0,1.0,1.0
2464,1528703,1.0,1.0,1.0,1.0,1.0,1.0,1.0,1.0,1.0
2466,12968723,1.0,1.0,1.0,1.0,1.0,1.0,1.0,1.0,1.0
2467,9153778,1.0,1.0,1.0,1.0,1.0,1.0,1.0,1.0,1.0
2468,1966045,1.0,1.0,1.0,1.0,1.0,1.0,1.0,1.0,1.0
2469,14903805,0.0,0.0,0.0,0.0,1.0,1.0,0.0,0.0,0.0
2470,8853057,1.0,1.0,1.0,1.0,1.0,1.0,1.0,1.0,0.0
2471,2086224,1.0,1.0,0.0,0.0,1.0,1.0,1.0,1.0,1.0
2472,41995474,1.0,1.0,1.0,1.0,1.0,1.0,1.0,1.0,1.0
2474,15685060,1.0,1.0,1.0,1.0,1.0,1.0,1.0,1.0,0.0
2475,3267279,0.0,0.0,0.0,0.0,1.0,1.0,0.0,1.0,0.0
2476,6641831,0.0,0.0,0.0,0.0,0.0,1.0,0.0,0.0,0.0
2478,6169338,1.0,1.0,0.0,0.0,1.0,1.0,1.0,1.0,1.0
2479,1577995,0.0,0.0,0.0,0.0,1.0,1.0,0.0,1.0,0.0
2480,110912,1.0,1.0,1.0,1.0,1.0,1.0,1.0,1.0,1.0
2481,4020300,1.0,1.0,1.0,1.0,1.0,1.0,1.0,1.0,1.0
2483,6182629,1.0,1.0,1.0,1.0,1.0,1.0,1.0,1.0,1.0
2484,1230589,1.0,1.0,1.0,1.0,1.0,1.0,1.0,1.0,1.0
2486,166477,1.0,1.0,1.0,1.0,1.0,1.0,1.0,1.0,1.0
2487,22078937,1.0,1.0,1.0,1.0,1.0,1.0,1.0,1.0,0.0
2488,112275713,1.0,1.0,1.0,1.0,1.0,1.0,1.0,1.0,1.0
2489,228029,1.0,1.0,1.0,1.0,1.0,1.0,1.0,1.0,1.0
2490,4330107,1.0,1.0,1.0,1.0,1.0,1.0,1.0,1.0,1.0
2491,721402067,1.0,1.0,1.0,1.0,1.0,1.0,1.0,1.0,1.0
2492,3657186,1.0,1.0,1.0,1.0,1.0,1.0,1.0,1.0,1.0
2493,31213934,1.0,1.0,1.0,1.0,1.0,1.0,1.0,1.0,0.0
2494,2913019,1.0,1.0,1.0,1.0,1.0,1.0,1.0,1.0,1.0
2495,17719344,1.0,1.0,1.0,1.0,1.0,1.0,1.0,1.0,1.0
2500,106653692,1.0,1.0,1.0,1.0,1.0,1.0,1.0,1.0,1.0
2501,1828887,0.0,0.0,0.0,0.0,0.0,1.0,0.0,0.0,0.0
2504,1399165,1.0,1.0,1.0,1.0,1.0,1.0,1.0,1.0,1.0
2505,19314286,1.0,1.0,1.0,1.0,1.0,1.0,1.0,1.0,1.0
2507,5023137,1.0,1.0,1.0,1.0,0.0,1.0,1.0,1.0,1.0
2508,8525154,0.0,0.0,0.0,0.0,1.0,1.0,0.0,0.0,1.0
2509,11265725,1.0,1.0,1.0,1.0,1.0,1.0,1.0,1.0,1.0
2510,1926306,1.0,1.0,1.0,1.0,1.0,1.0,1.0,1.0,1.0
2511,53870409,1.0,1.0,1.0,1.0,1.0,1.0,1.0,1.0,1.0
2512,79716,1.0,1.0,1.0,1.0,0.0,0.0,1.0,1.0,1.0
2513,9396729,1.0,1.0,1.0,1.0,1.0,1.0,1.0,1.0,1.0
2514,1329946,1.0,1.0,1.0,1.0,1.0,1.0,1.0,1.0,1.0
2515,48904962,1.0,1.0,1.0,1.0,1.0,1.0,1.0,1.0,1.0
2517,1549929,1.0,1.0,1.0,1.0,1.0,1.0,1.0,1.0,1.0
2518,21832704,1.0,1.0,1.0,1.0,0.0,0.0,1.0,1.0,1.0
2519,3551743,1.0,1.0,1.0,1.0,1.0,1.0,1.0,1.0,1.0
2520,34171311,0.0,0.0,0.0,0.0,1.0,1.0,0.0,0.0,1.0
2521,1008009,1.0,1.0,1.0,1.0,1.0,1.0,1.0,1.0,1.0
