,label
0,266
1,266
2,266
3,266
4,266
5,266
6,266
7,266
8,266
9,266
10,266
11,266
12,283
13,283
14,283
15,283
16,283
17,283
18,301
19,301
20,301
21,301
22,301
23,301
24,287
25,287
26,270
27,270
28,270
29,270
30,270
31,270
32,270
33,270
34,270
35,270
36,270
37,270
38,270
39,270
40,270
41,270
42,270
43,270
44,270
45,270
46,270
47,270
48,270
49,270
50,270
51,270
52,270
53,270
54,270
55,270
56,270
57,270
58,252
59,252
60,252
61,251
62,251
63,251
64,251
65,250
66,233
67,233
68,233
69,232
70,232
71,232
72,215
73,215
74,214
75,214
76,214
77,214
78,213
79,178
80,178
81,178
82,178
83,178
84,177
85,177
86,177
87,177
88,177
89,177
90,176
91,193
92,193
93,192
94,192
95,192
96,192
97,192
98,174
99,174
100,191
101,191
102,191
103,191
104,191
105,191
106,191
107,191
108,191
109,191
110,191
111,191
112,191
113,191
114,191
115,191
116,191
117,191
118,191
119,191
120,191
121,191
122,191
123,191
124,191
125,191
126,191
127,191
128,191
129,191
130,191
131,174
132,174
133,174
134,174
135,174
136,174
137,174
138,174
139,174
140,174
141,174
142,174
143,174
144,270
145,270
146,270
147,270
148,270
149,270
150,270
151,269
152,252
153,252
154,252
155,252
156,251
157,251
158,251
159,251
160,251
161,250
162,250
163,233
164,233
165,233
166,233
167,232
168,232
169,232
170,232
171,232
172,214
173,214
174,215
175,232
176,232
177,232
178,232
179,233
180,233
181,233
182,233
183,233
184,250
185,250
186,250
187,250
188,251
189,251
190,251
191,251
192,251
193,252
194,252
195,252
196,252
197,269
198,269
199,269
200,270
201,270
202,270
203,270
204,270
205,270
206,270
207,270
208,252
209,252
210,270
211,270
212,270
213,270
214,269
215,269
216,269
217,252
218,252
219,252
220,251
221,251
222,251
223,251
224,251
225,251
226,233
227,233
228,233
229,233
230,233
231,233
232,232
233,232
234,232
235,232
236,232
237,232
238,214
239,214
240,197
241,214
242,197
243,214
244,215
245,215
246,215
247,271
248,271
249,271
250,271
251,271
252,271
253,270
254,270
255,270
256,270
257,270
258,270
259,269
260,269
261,269
262,252
263,252
264,252
265,251
266,251
267,251
268,251
269,192
270,191
271,191
272,192
273,192
274,192
275,192
276,193
277,193
278,193
279,193
280,193
281,176
282,176
283,176
284,177
285,177
286,177
287,177
288,177
289,177
290,177
291,194
292,195
293,195
294,195
295,195
296,195
297,195
298,196
299,196
300,196
301,196
302,196
303,213
304,213
305,213
306,213
307,214
308,214
309,214
310,214
311,214
312,214
313,214
314,215
315,215
316,232
317,232
318,232
319,233
320,233
321,233
322,233
323,233
324,250
325,250
326,251
327,251
328,251
329,251
330,251
331,251
332,251
333,252
334,252
335,252
336,252
337,252
338,269
339,270
340,270
341,270
342,270
343,270
344,270
345,270
346,270
347,270
348,270
349,270
350,270
351,270
352,247
353,247
354,247
355,247
356,247
357,247
358,230
359,231
360,231
361,231
362,231
363,231
364,231
365,232
366,232
367,232
368,232
369,232
370,232
371,232
372,232
373,233
374,250
375,250
376,250
377,251
378,251
379,251
380,251
381,251
382,252
383,252
384,252
385,252
386,235
387,235
388,235
389,235
390,235
391,235
392,218
393,218
394,218
395,218
396,219
397,219
398,201
399,201
400,201
401,184
402,184
403,184
404,184
405,167
406,167
407,167
408,150
409,150
410,150
411,150
412,150
413,133
414,133
415,133
416,134
417,134
418,117
419,117
420,117
421,117
422,117
423,117
424,118
425,118
426,118
427,118
428,118
429,118
430,118
431,118
432,118
433,101
434,101
435,101
436,101
437,84
438,84
439,84
440,84
441,84
442,67
443,67
444,67
445,67
446,50
447,50
448,50
449,50
450,50
451,33
452,33
453,32
454,32
455,32
456,32
457,32
458,31
459,31
460,31
461,31
462,31
463,31
464,31
465,47
466,47
467,47
468,47
469,47
470,47
471,47
472,46
473,46
474,63
475,63
476,63
477,63
478,63
479,63
480,62
481,62
482,79
483,79
484,79
485,79
486,79
487,79
488,79
489,78
490,78
491,78
492,78
493,78
494,77
495,77
496,77
497,77
498,77
499,76
500,76
501,76
502,76
503,93
504,93
505,93
506,93
507,93
508,92
509,92
510,109
511,109
512,109
513,109
514,109
515,109
516,108
517,125
518,125
519,125
520,125
521,125
522,125
523,125
524,125
525,141
526,141
527,141
528,141
529,141
530,141
531,141
532,157
533,157
534,157
535,157
536,157
537,157
538,157
539,156
540,173
541,173
542,173
543,173
544,173
545,173
546,173
547,189
548,189
549,189
550,189
551,189
552,206
553,206
554,205
555,205
556,205
557,222
558,222
559,222
560,222
561,222
562,222
563,239
564,239
565,239
566,239
567,239
568,256
569,256
570,273
571,273
572,273
573,290
574,290
575,291
576,291
577,291
578,291
579,308
580,309
581,309
582,309
583,326
584,326
585,310
586,310
587,327
588,327
589,327
590,327
591,328
592,328
593,329
594,312
595,312
596,312
597,312
598,312
599,312
600,296
601,296
602,296
603,296
604,296
605,279
606,280
607,280
608,280
609,280
610,280
611,263
612,263
613,263
614,263
615,263
616,264
617,264
618,264
619,247
620,247
621,247
622,247
623,247
624,247
625,231
626,231
627,231
628,231
629,231
630,231
631,231
632,231
633,214
634,214
635,232
636,232
637,232
638,232
639,232
640,232
641,232
642,232
643,233
644,233
645,233
646,232
647,232
648,232
649,232
650,232
651,232
652,174
653,174
654,174
655,174
656,174
657,174
658,174
659,174
660,174
661,174
662,174
663,174
664,174
665,174
666,174
667,174
668,174
669,174
670,157
671,157
672,157
673,157
674,157
675,157
676,157
677,157
678,157
679,157
680,157
681,173
682,173
683,173
684,173
685,190
686,189
687,189
688,189
689,206
690,205
691,205
692,205
693,222
694,222
695,222
696,222
697,239
698,239
699,239
700,239
701,256
702,256
703,256
704,273
705,273
706,273
707,273
708,290
709,290
710,290
711,291
712,291
713,291
714,308
715,308
716,308
717,309
718,309
719,309
720,309
721,309
722,309
723,310
724,310
725,310
726,310
727,311
728,328
729,328
730,328
731,312
732,312
733,312
734,312
735,295
736,296
737,296
738,279
739,279
740,279
741,280
742,280
743,280
744,280
745,280
746,280
747,280
748,280
749,280
750,280
751,280
752,280
753,280
754,280
755,280
756,280
757,280
758,280
759,280
760,280
761,280
762,263
763,263
764,263
765,263
766,264
767,247
768,247
769,247
770,247
771,247
772,230
773,230
774,230
775,231
776,231
777,214
778,214
779,232
780,232
781,233
782,233
783,233
784,250
785,251
786,251
787,251
788,251
789,252
790,252
791,252
792,252
793,269
794,270
795,270
796,270
797,270
798,271
799,271
800,271
801,271
802,271
803,254
804,254
805,254
806,237
807,237
808,237
809,220
810,220
811,220
812,220
813,220
814,203
815,203
816,186
817,186
818,186
819,186
820,186
821,169
822,169
823,169
824,169
825,152
826,152
827,152
828,152
829,152
830,135
831,135
832,135
833,135
834,118
835,118
836,118
837,118
838,101
839,101
840,101
841,101
842,101
843,84
844,84
845,84
846,67
847,67
848,67
849,50
850,50
851,50
852,50
853,50
854,33
855,33
856,33
857,33
858,33
859,32
860,32
861,32
862,32
863,31
864,31
865,31
866,30
867,30
868,47
869,47
870,46
871,46
872,46
873,46
874,63
875,63
876,62
877,62
878,62
879,79
880,79
881,79
882,79
883,78
884,78
885,78
886,78
887,78
888,77
889,77
890,77
891,76
892,76
893,76
894,93
895,93
896,93
897,92
898,92
899,92
900,109
901,109
902,109
903,109
904,109
905,108
906,125
907,125
908,124
909,124
910,141
911,141
912,141
913,141
914,141
915,141
916,140
917,157
918,157
919,157
920,157
921,157
922,174
923,174
924,174
925,157
926,157
927,157
928,157
929,173
930,173
931,189
932,189
933,189
934,206
935,205
936,205
937,222
938,222
939,239
940,239
941,239
942,256
943,256
944,256
945,273
946,290
947,290
948,291
949,291
950,308
951,308
952,309
953,309
954,309
955,309
956,310
957,310
958,311
959,311
960,329
961,312
962,312
963,312
964,296
965,296
966,280
967,280
968,280
969,280
970,280
971,280
972,280
973,280
974,280
975,280
976,280
977,280
978,280
979,280
980,280
981,280
982,280
983,280
984,280
985,280
986,280
987,280
988,280
989,280
990,263
991,263
992,263
993,264
994,264
995,264
996,247
997,247
998,247
999,247
1000,247
1001,247
1002,247
1003,247
1004,230
1005,230
1006,231
1007,231
1008,231
1009,231
1010,231
1011,231
1012,214
1013,214
1014,214
1015,214
1016,214
1017,231
1018,231
1019,232
1020,232
1021,232
1022,232
1023,232
1024,233
1025,233
1026,233
1027,233
1028,250
1029,250
1030,250
1031,250
1032,251
1033,251
1034,251
1035,251
1036,251
1037,251
1038,252
1039,269
1040,269
1041,269
1042,269
1043,269
1044,269
1045,270
1046,270
1047,270
1048,270
1049,270
1050,270
1051,270
1052,271
1053,271
1054,271
1055,271
1056,271
1057,271
1058,271
1059,271
1060,254
1061,254
1062,254
1063,254
1064,254
1065,254
1066,254
1067,237
1068,237
1069,237
1070,237
1071,237
1072,237
1073,237
1074,237
1075,220
1076,220
1077,220
1078,220
1079,220
1080,203
1081,203
1082,203
1083,203
1084,186
1085,186
1086,186
1087,186
1088,186
1089,186
1090,169
1091,169
1092,169
1093,169
1094,169
1095,169
1096,152
1097,152
1098,152
1099,152
1100,152
1101,135
1102,135
1103,135
1104,135
1105,135
1106,135
1107,118
1108,118
1109,118
1110,118
1111,118
1112,101
1113,101
1114,101
1115,101
1116,84
1117,84
1118,84
1119,84
1120,84
1121,84
1122,84
1123,67
1124,67
1125,67
1126,67
1127,50
1128,50
1129,50
1130,50
1131,50
1132,33
1133,33
1134,33
1135,33
1136,33
1137,33
1138,32
1139,32
1140,32
1141,32
1142,32
1143,32
1144,32
1145,31
1146,31
1147,31
1148,31
1149,31
1150,30
1151,30
1152,30
1153,47
1154,47
1155,47
1156,47
1157,46
1158,46
1159,46
1160,46
1161,63
1162,63
1163,63
1164,63
1165,63
1166,63
1167,62
1168,62
1169,62
1170,79
1171,79
1172,79
1173,78
1174,78
1175,78
1176,78
1177,78
1178,78
1179,77
1180,77
1181,77
1182,77
1183,77
1184,76
1185,76
1186,76
1187,76
1188,93
1189,93
1190,93
1191,93
1192,93
1193,92
1194,92
1195,109
1196,109
1197,109
1198,109
1199,109
1200,109
1201,109
1202,108
1203,125
1204,125
1205,125
1206,125
1207,125
1208,124
1209,124
1210,141
1211,141
1212,141
1213,141
1214,141
1215,141
1216,141
1217,141
1218,141
1219,157
1220,157
1221,157
1222,157
1223,157
1224,157
1225,157
1226,157
1227,174
1228,174
1229,174
1230,174
1231,174
1232,174
1233,174
1234,174
1235,174
1236,174
1237,174
1238,174
1239,174
1240,174
1241,174
1242,174
1243,174
1244,174
1245,174
1246,174
1247,174
1248,174
1249,174
1250,174
1251,174
1252,174
1253,174
1254,174
1255,174
1256,174
1257,174
1258,174
1259,174
1260,174
1261,174
1262,174
1263,174
1264,174
1265,174
1266,174
1267,174
1268,174
1269,174
1270,175
1271,175
1272,175
1273,159
1274,159
1275,159
1276,142
1277,142
1278,142
1279,142
1280,142
1281,142
1282,125
1283,125
1284,125
1285,125
1286,125
1287,125
1288,109
1289,109
1290,109
1291,109
1292,109
1293,109
1294,109
1295,93
1296,93
1297,93
1298,93
1299,76
1300,76
1301,77
1302,77
1303,77
1304,77
1305,77
1306,77
1307,78
1308,78
1309,78
1310,78
1311,78
1312,95
1313,95
1314,95
1315,96
1316,96
1317,96
1318,113
1319,113
1320,113
1321,113
1322,114
1323,114
1324,114
1325,97
1326,97
1327,97
1328,98
1329,81
1330,81
1331,81
1332,81
1333,81
1334,81
1335,81
1336,81
1337,81
1338,81
1339,98
1340,98
1341,98
1342,98
1343,98
1344,98
1345,98
1346,99
1347,99
1348,116
1349,116
1350,116
1351,117
1352,116
1353,116
1354,116
1355,133
1356,133
1357,133
1358,133
1359,150
1360,150
1361,150
1362,150
1363,150
1364,167
1365,167
1366,167
1367,167
1368,167
1369,184
1370,184
1371,184
1372,201
1373,201
1374,201
1375,218
1376,218
1377,218
1378,218
1379,235
1380,235
1381,235
1382,235
1383,235
1384,252
1385,251
1386,251
1387,251
1388,251
1389,251
1390,250
1391,233
1392,233
1393,233
1394,233
1395,232
1396,232
1397,232
1398,215
1399,214
1400,214
1401,214
1402,214
1403,231
1404,231
1405,231
1406,230
1407,230
1408,247
1409,247
1410,247
1411,247
1412,247
1413,263
1414,263
1415,263
1416,263
1417,280
1418,279
1419,279
1420,262
1421,262
1422,262
1423,262
1424,261
1425,261
1426,261
1427,261
1428,261
1429,261
1430,278
1431,278
1432,277
1433,277
1434,277
1435,277
1436,277
1437,276
1438,276
1439,276
1440,276
1441,276
1442,275
1443,275
1444,275
1445,275
1446,275
1447,274
1448,274
1449,274
1450,274
1451,274
1452,273
1453,273
1454,256
1455,256
1456,256
1457,239
1458,239
1459,239
1460,239
1461,239
1462,239
1463,222
1464,222
1465,206
1466,206
1467,206
1468,189
1469,189
1470,190
1471,190
1472,190
1473,173
1474,173
1475,173
1476,173
1477,173
1478,174
1479,157
1480,174
1481,174
1482,174
1483,174
1484,174
1485,174
1486,174
1487,174
1488,174
1489,174
1490,174
1491,174
1492,174
1493,174
1494,174
1495,174
1496,174
1497,174
1498,174
1499,174
1500,174
1501,174
1502,174
1503,174
1504,174
1505,174
1506,174
1507,174
1508,174
1509,174
1510,174
1511,174
1512,175
1513,175
1514,175
1515,176
1516,176
1517,159
1518,159
1519,159
1520,159
1521,159
1522,159
1523,159
1524,159
1525,159
1526,142
1527,142
1528,142
1529,142
1530,142
1531,142
1532,125
1533,125
1534,125
1535,125
1536,125
1537,125
1538,125
1539,125
1540,126
1541,126
1542,109
1543,109
1544,109
1545,109
1546,109
1547,109
1548,109
1549,109
1550,93
1551,93
1552,93
1553,93
1554,93
1555,93
1556,93
1557,93
1558,76
1559,77
1560,77
1561,77
1562,77
1563,77
1564,78
1565,78
1566,78
1567,78
1568,78
1569,78
1570,95
1571,95
1572,95
1573,96
1574,96
1575,96
1576,96
1577,96
1578,96
1579,96
1580,113
1581,113
1582,113
1583,113
1584,114
1585,114
1586,114
1587,114
1588,114
1589,97
1590,97
1591,97
1592,98
1593,98
1594,98
1595,81
1596,81
1597,81
1598,81
1599,81
1600,81
1601,81
1602,81
1603,81
1604,81
1605,81
1606,81
1607,81
1608,81
1609,81
1610,81
1611,81
1612,81
1613,81
1614,98
1615,98
1616,98
1617,98
1618,98
1619,98
1620,98
1621,99
1622,99
1623,99
1624,116
1625,116
1626,117
1627,117
1628,117
1629,117
1630,117
1631,117
1632,117
1633,116
1634,116
1635,133
1636,133
1637,133
1638,133
1639,150
1640,150
1641,150
1642,150
1643,150
1644,150
1645,150
1646,150
1647,150
1648,150
1649,167
1650,167
1651,167
1652,167
1653,167
1654,184
1655,184
1656,184
1657,184
1658,184
1659,184
1660,184
1661,201
1662,201
1663,201
1664,201
1665,201
1666,201
1667,201
1668,201
1669,218
1670,218
1671,218
1672,218
1673,218
1674,218
1675,218
1676,235
1677,235
1678,235
1679,235
1680,235
1681,235
1682,252
1683,252
1684,252
1685,251
1686,251
1687,251
1688,251
1689,250
1690,250
1691,250
1692,233
1693,233
1694,233
1695,233
1696,232
1697,232
1698,232
1699,232
1700,232
1701,232
1702,215
1703,215
1704,215
1705,215
1706,214
1707,214
1708,214
1709,214
1710,231
1711,231
1712,231
1713,231
1714,230
1715,230
1716,230
1717,247
1718,247
1719,247
1720,247
1721,247
1722,247
1723,247
1724,247
1725,263
1726,263
1727,263
1728,263
1729,263
1730,263
1731,263
1732,263
1733,263
1734,280
1735,280
1736,262
1737,262
1738,262
1739,262
1740,262
1741,262
1742,262
1743,261
1744,261
1745,261
1746,261
1747,261
1748,261
1749,261
1750,261
1751,278
1752,278
1753,278
1754,278
1755,277
1756,277
1757,277
1758,277
1759,277
1760,277
1761,277
1762,276
1763,276
1764,276
1765,276
1766,276
1767,275
1768,275
1769,275
1770,275
1771,275
1772,274
1773,274
1774,274
1775,274
1776,274
1777,274
1778,273
1779,273
1780,256
1781,256
1782,256
1783,256
1784,256
1785,256
1786,239
1787,239
1788,239
1789,239
1790,239
1791,239
1792,239
1793,239
1794,222
1795,222
1796,222
1797,222
1798,222
1799,223
1800,206
1801,206
1802,206
1803,206
1804,206
1805,206
1806,206
1807,206
1808,189
1809,189
1810,190
1811,190
1812,190
1813,190
1814,173
1815,173
1816,173
1817,173
1818,173
1819,173
1820,173
1821,174
1822,174
1823,174
1824,174
1825,174
1826,174
1827,174
1828,174
1829,174
1830,174
1831,174
1832,174
1833,174
1834,174
1835,174
1836,174
1837,175
1838,175
1839,174
1840,174
1841,174
1842,174
1843,174
1844,174
1845,174
1846,174
1847,174
1848,174
1849,174
1850,174
1851,174
1852,174
1853,174
1854,174
1855,174
1856,173
1857,173
1858,173
1859,173
1860,173
1861,173
1862,173
1863,173
1864,173
1865,190
1866,190
1867,190
1868,190
1869,190
1870,189
1871,189
1872,189
1873,189
1874,189
1875,189
1876,206
1877,206
1878,206
1879,206
1880,206
1881,205
1882,205
1883,205
1884,205
1885,205
1886,205
1887,205
1888,205
1889,222
1890,222
1891,222
1892,222
1893,222
1894,222
1895,222
1896,222
1897,222
1898,222
1899,239
1900,239
1901,239
1902,239
1903,239
1904,239
1905,239
1906,239
1907,239
1908,239
1909,239
1910,256
1911,256
1912,256
1913,256
1914,256
1915,256
1916,256
1917,256
1918,273
1919,273
1920,273
1921,273
1922,273
1923,273
1924,273
1925,273
1926,273
1927,273
1928,273
1929,290
1930,290
1931,290
1932,290
1933,290
1934,290
1935,291
1936,291
1937,291
1938,291
1939,291
1940,291
1941,291
1942,291
1943,291
1944,291
1945,308
1946,308
1947,309
1948,309
1949,309
1950,309
1951,309
1952,309
1953,309
1954,309
1955,309
1956,309
1957,309
1958,309
1959,309
1960,309
1961,310
1962,310
1963,327
1964,310
1965,310
1966,310
1967,310
1968,310
1969,310
1970,310
1971,310
1972,310
1973,310
1974,310
1975,310
1976,310
1977,311
1978,311
1979,311
1980,311
1981,311
1982,311
1983,311
1984,311
1985,311
1986,311
1987,311
1988,312
1989,312
1990,312
1991,312
1992,312
1993,312
1994,312
1995,312
1996,312
1997,312
1998,312
1999,312
2000,312
2001,312
2002,312
2003,312
2004,312
2005,296
2006,296
2007,296
2008,296
2009,296
2010,296
2011,296
2012,296
2013,296
2014,296
2015,296
2016,279
2017,279
2018,279
2019,279
2020,279
2021,280
2022,280
2023,280
2024,280
2025,280
2026,280
2027,280
2028,280
2029,263
2030,263
2031,263
2032,263
2033,263
2034,263
2035,263
2036,263
2037,263
2038,263
2039,263
2040,264
2041,264
2042,264
2043,264
2044,264
2045,264
2046,264
2047,264
2048,264
2049,264
2050,264
2051,264
2052,264
2053,264
2054,265
2055,265
2056,265
2057,265
2058,265
2059,265
2060,265
2061,265
2062,265
2063,265
2064,265
2065,265
2066,266
2067,266
2068,266
2069,266
2070,266
2071,283
2072,283
2073,283
2074,283
2075,283
2076,283
2077,283
2078,283
2079,283
2080,283
2081,283
2082,283
2083,283
2084,283
2085,283
2086,300
2087,300
2088,300
2089,300
2090,300
2091,300
2092,300
2093,300
2094,300
2095,300
2096,300
2097,300
2098,300
2099,300
2100,300
2101,317
2102,317
2103,317
2104,317
2105,317
2106,317
2107,317
2108,318
2109,318
2110,318
2111,318
2112,318
2113,318
2114,318
2115,318
2116,318
2117,335
2118,335
2119,335
2120,335
2121,336
2122,336
2123,336
2124,336
2125,336
2126,336
2127,319
2128,319
2129,319
2130,319
2131,319
2132,319
2133,319
2134,319
2135,319
2136,319
2137,319
2138,302
2139,302
2140,302
2141,302
2142,302
2143,302
2144,302
2145,302
2146,302
2147,302
2148,302
2149,302
2150,302
2151,302
2152,285
2153,285
2154,285
2155,285
2156,285
2157,285
2158,285
2159,285
2160,285
2161,285
2162,285
2163,285
2164,286
2165,286
2166,286
2167,286
2168,286
2169,286
2170,286
2171,286
2172,286
2173,286
2174,286
2175,286
2176,286
2177,287
2178,287
2179,287
2180,287
2181,287
2182,287
2183,287
2184,287
2185,287
2186,287
2187,287
2188,287
2189,287
2190,287
2191,288
2192,288
2193,288
2194,288
2195,288
2196,288
2197,288
2198,288
2199,288
2200,288
2201,288
2202,288
2203,288
2204,288
2205,288
2206,288
2207,288
2208,288
2209,288
2210,288
2211,288
2212,288
2213,288
2214,288
2215,287
2216,287
2217,287
2218,287
2219,287
2220,287
2221,287
2222,287
2223,287
2224,287
2225,287
2226,287
2227,287
2228,287
2229,287
2230,287
2231,287
2232,287
2233,287
2234,287
2235,287
2236,270
2237,270
2238,270
2239,270
2240,270
2241,270
2242,270
2243,270
2244,270
2245,270
2246,270
2247,270
2248,270
2249,270
2250,270
2251,270
2252,270
2253,270
2254,270
2255,270
2256,270
2257,271
2258,271
2259,271
2260,271
2261,271
2262,271
2263,271
2264,271
2265,271
2266,271
2267,271
2268,271
2269,271
2270,254
2271,254
2272,254
2273,254
2274,254
2275,254
2276,254
2277,254
2278,254
2279,254
2280,254
2281,254
2282,254
2283,237
2284,237
2285,237
2286,237
2287,237
2288,237
2289,237
2290,237
2291,237
2292,237
2293,237
2294,237
2295,220
2296,220
2297,220
2298,220
2299,220
2300,220
2301,220
2302,220
2303,220
2304,220
2305,220
2306,220
2307,220
2308,220
2309,203
2310,203
2311,203
2312,203
2313,203
2314,203
2315,203
2316,203
2317,203
2318,203
2319,203
2320,203
2321,186
2322,186
2323,186
2324,186
2325,186
2326,186
2327,186
2328,186
2329,186
2330,186
2331,169
2332,169
2333,169
2334,169
2335,169
2336,169
2337,169
2338,169
2339,169
2340,169
2341,169
2342,169
2343,169
2344,169
2345,152
2346,152
2347,152
2348,152
2349,152
2350,152
2351,152
2352,152
2353,152
2354,152
2355,152
2356,152
2357,135
2358,135
2359,135
2360,135
2361,135
2362,135
2363,135
2364,135
2365,135
2366,135
2367,135
2368,135
2369,135
2370,118
2371,118
2372,118
2373,118
2374,118
2375,118
2376,118
2377,118
2378,118
2379,118
2380,118
2381,118
2382,118
2383,101
2384,101
2385,101
2386,101
2387,101
2388,101
2389,101
2390,101
2391,101
2392,101
2393,101
2394,101
2395,101
2396,101
2397,101
2398,101
2399,101
2400,101
2401,84
2402,84
2403,84
2404,84
2405,84
2406,84
2407,84
2408,84
2409,84
2410,84
2411,84
2412,84
2413,67
2414,67
2415,67
2416,67
2417,67
2418,67
2419,50
2420,50
2421,50
2422,50
2423,50
2424,50
2425,50
2426,33
2427,33
2428,33
2429,33
2430,33
2431,33
2432,33
2433,33
2434,32
2435,32
2436,32
2437,32
2438,32
2439,32
2440,32
2441,32
2442,15
2443,15
2444,32
2445,32
2446,32
2447,31
2448,31
2449,31
2450,31
2451,31
2452,31
2453,31
2454,31
2455,31
2456,31
2457,31
2458,31
2459,30
2460,30
2461,47
2462,47
2463,47
2464,47
2465,47
2466,47
2467,47
2468,47
2469,47
2470,47
2471,47
2472,47
2473,46
2474,46
2475,46
2476,46
2477,46
2478,46
2479,63
2480,63
2481,63
2482,63
2483,63
2484,63
2485,63
2486,62
2487,62
2488,62
2489,62
2490,62
2491,62
2492,79
2493,79
2494,79
2495,79
2496,79
2497,79
2498,79
2499,79
2500,79
2501,78
2502,78
2503,78
2504,78
2505,78
2506,78
2507,78
2508,78
2509,78
2510,78
2511,78
2512,78
2513,78
2514,77
2515,77
2516,77
2517,77
2518,77
2519,77
2520,77
2521,77
2522,77
2523,77
2524,77
2525,76
2526,76
2527,76
2528,76
2529,76
2530,76
2531,76
2532,93
2533,93
2534,93
2535,93
2536,93
2537,93
2538,93
2539,92
2540,92
2541,92
2542,92
2543,92
2544,92
2545,92
2546,109
2547,109
2548,109
2549,109
2550,109
2551,109
2552,109
2553,109
2554,108
2555,108
2556,108
2557,108
2558,125
2559,125
2560,125
2561,125
2562,125
2563,125
2564,125
2565,125
2566,125
2567,125
2568,125
2569,125
2570,125
2571,125
2572,125
2573,124
2574,124
2575,141
2576,141
2577,141
2578,141
2579,141
2580,141
2581,141
2582,141
2583,141
2584,141
2585,141
2586,141
2587,141
2588,141
2589,141
2590,141
2591,140
2592,140
2593,157
2594,157
2595,157
2596,157
2597,157
2598,157
2599,157
2600,157
2601,157
2602,157
2603,157
2604,157
2605,157
2606,157
2607,157
2608,174
2609,157
2610,157
2611,157
2612,157
2613,157
2614,157
2615,157
2616,157
2617,157
2618,157
2619,157
2620,157
2621,157
2622,157
2623,157
2624,157
2625,157
2626,157
2627,157
2628,157
2629,157
2630,157
2631,157
2632,157
2633,157
2634,157
2635,157
2636,157
2637,157
2638,157
2639,157
2640,157
2641,157
2642,157
2643,157
2644,157
2645,157
2646,157
2647,157
2648,157
2649,157
2650,157
2651,157
2652,157
2653,157
2654,157
2655,157
2656,157
2657,157
2658,157
2659,157
2660,157
2661,157
2662,157
2663,157
2664,157
2665,175
2666,175
2667,175
2668,175
2669,175
2670,175
2671,175
2672,175
2673,175
2674,175
2675,175
2676,175
2677,175
2678,158
2679,159
2680,159
2681,159
2682,159
2683,159
2684,159
2685,159
2686,159
2687,159
2688,159
2689,159
2690,159
2691,159
2692,159
2693,159
2694,142
2695,142
2696,142
2697,142
2698,142
2699,142
2700,142
2701,142
2702,142
2703,142
2704,142
2705,142
2706,142
2707,125
2708,125
2709,125
2710,125
2711,125
2712,125
2713,125
2714,125
2715,108
2716,108
2717,108
2718,108
2719,108
2720,108
2721,109
2722,109
2723,109
2724,109
2725,109
2726,109
2727,109
2728,109
2729,109
2730,109
2731,109
2732,109
2733,109
2734,92
2735,92
2736,92
2737,92
2738,92
2739,92
2740,92
2741,93
2742,93
2743,93
2744,93
2745,93
2746,93
2747,93
2748,93
2749,93
2750,93
2751,76
2752,76
2753,76
2754,76
2755,76
2756,76
2757,76
2758,77
2759,77
2760,77
2761,77
2762,77
2763,77
2764,77
2765,77
2766,77
2767,77
2768,77
2769,77
2770,78
2771,78
2772,78
2773,78
2774,78
2775,78
2776,78
2777,78
2778,78
2779,78
2780,78
2781,78
2782,95
2783,95
2784,95
2785,95
2786,95
2787,95
2788,96
2789,96
2790,96
2791,96
2792,96
2793,96
2794,96
2795,96
2796,96
2797,96
2798,96
2799,96
2800,96
2801,96
2802,113
2803,113
2804,113
2805,113
2806,113
2807,113
2808,114
2809,114
2810,114
2811,114
2812,114
2813,114
2814,114
2815,114
2816,114
2817,114
2818,114
2819,114
2820,114
2821,114
2822,114
2823,114
2824,131
2825,131
2826,132
2827,132
2828,132
2829,132
2830,132
2831,132
2832,132
2833,132
2834,132
2835,132
2836,132
2837,132
2838,132
2839,132
2840,132
2841,133
2842,133
2843,133
2844,133
2845,133
2846,133
2847,133
2848,133
2849,133
2850,150
2851,150
2852,150
2853,150
2854,150
2855,150
2856,150
2857,151
2858,151
2859,151
2860,151
2861,151
2862,151
2863,151
2864,168
2865,168
2866,168
2867,168
2868,167
2869,167
2870,167
2871,167
2872,167
2873,167
2874,167
2875,167
2876,167
2877,167
2878,167
2879,167
2880,184
2881,184
2882,184
2883,184
2884,184
2885,184
2886,184
2887,184
2888,184
2889,201
2890,201
2891,201
2892,201
2893,201
2894,201
2895,201
2896,201
2897,201
2898,201
2899,201
2900,218
2901,218
2902,218
2903,218
2904,218
2905,218
2906,218
2907,218
2908,218
2909,218
2910,218
2911,218
2912,235
2913,235
2914,235
2915,235
2916,235
2917,235
2918,235
2919,235
2920,235
2921,235
2922,235
2923,235
2924,252
2925,252
2926,252
2927,252
2928,252
2929,252
2930,251
2931,251
2932,251
2933,251
2934,251
2935,251
2936,251
2937,251
2938,251
2939,251
2940,251
2941,251
2942,251
2943,251
2944,251
2945,251
2946,233
2947,233
2948,233
2949,233
2950,233
2951,233
2952,233
2953,233
2954,233
2955,232
2956,232
2957,232
2958,232
2959,232
2960,232
2961,232
2962,232
2963,215
2964,214
2965,214
2966,214
2967,214
2968,214
2969,214
2970,214
2971,214
2972,214
2973,231
2974,231
2975,231
2976,231
2977,231
2978,231
2979,231
2980,231
2981,231
2982,231
2983,231
2984,231
2985,231
2986,230
2987,230
2988,230
2989,230
2990,247
2991,247
2992,247
2993,247
2994,247
2995,247
2996,247
2997,247
2998,247
2999,247
3000,247
3001,264
3002,264
3003,264
3004,264
3005,264
3006,264
3007,264
3008,264
3009,263
3010,263
3011,263
3012,263
3013,263
3014,263
3015,263
3016,263
3017,280
3018,280
3019,280
3020,280
3021,280
3022,280
3023,280
3024,280
3025,280
3026,280
3027,280
3028,280
3029,280
3030,280
3031,280
3032,280
3033,297
3034,297
3035,297
3036,296
3037,296
3038,296
3039,296
3040,296
3041,296
3042,296
3043,296
3044,296
3045,296
3046,296
3047,296
3048,296
3049,313
3050,313
3051,313
3052,312
3053,312
3054,312
3055,312
3056,312
3057,312
3058,312
3059,312
3060,312
3061,312
3062,312
3063,312
3064,312
3065,312
3066,312
3067,312
3068,311
3069,311
3070,311
3071,311
3072,311
3073,311
3074,311
3075,311
3076,311
3077,311
3078,311
3079,311
3080,311
3081,311
3082,310
3083,310
3084,310
3085,310
3086,310
3087,310
3088,310
3089,310
3090,310
3091,309
3092,309
3093,309
3094,309
3095,309
3096,309
3097,309
3098,309
3099,309
3100,309
3101,309
3102,309
3103,308
3104,308
3105,308
3106,308
3107,308
3108,291
3109,291
3110,291
3111,291
3112,291
3113,290
3114,290
3115,290
3116,290
3117,290
3118,273
3119,273
3120,273
3121,273
3122,273
3123,273
3124,273
3125,273
3126,273
3127,273
3128,274
3129,274
3130,274
3131,274
3132,274
3133,274
3134,274
3135,274
3136,275
3137,275
3138,275
3139,275
3140,275
3141,275
3142,275
3143,275
3144,275
3145,275
3146,275
3147,276
3148,276
3149,276
3150,276
3151,276
3152,276
3153,276
3154,276
3155,276
3156,276
3157,277
3158,277
3159,277
3160,277
3161,277
3162,277
3163,277
3164,277
3165,277
3166,277
3167,277
3168,277
3169,277
3170,278
3171,278
3172,278
3173,278
3174,261
3175,261
3176,261
3177,261
3178,261
3179,261
3180,261
3181,261
3182,261
3183,261
3184,261
3185,261
3186,261
3187,261
3188,261
3189,261
3190,261
3191,261
3192,261
3193,261
3194,244
3195,244
3196,244
3197,244
3198,244
3199,244
3200,244
3201,244
3202,244
3203,244
3204,243
3205,243
3206,243
3207,243
3208,243
3209,243
3210,243
3211,243
3212,243
3213,243
3214,243
3215,243
3216,243
3217,243
3218,243
3219,243
3220,243
3221,226
3222,226
3223,226
3224,226
3225,226
3226,226
3227,226
3228,226
3229,226
3230,209
3231,209
3232,209
3233,209
3234,209
3235,209
3236,209
3237,209
3238,209
3239,209
3240,209
3241,209
3242,192
3243,192
3244,192
3245,192
3246,192
3247,192
3248,192
3249,192
3250,192
3251,192
3252,192
3253,192
3254,192
3255,192
3256,191
3257,191
3258,191
3259,174
3260,174
3261,174
3262,175
3263,175
3264,175
3265,175
3266,175
3267,175
3268,175
3269,192
3270,192
3271,192
3272,192
3273,192
3274,192
3275,192
3276,192
3277,192
3278,192
3279,192
3280,192
3281,192
3282,192
3283,192
3284,192
3285,192
3286,192
3287,192
3288,192
3289,175
3290,175
3291,175
3292,175
3293,175
3294,175
3295,175
3296,175
3297,175
3298,175
3299,174
3300,174
3301,174
3302,174
3303,192
3304,192
3305,192
3306,192
3307,192
3308,192
3309,192
3310,192
3311,192
3312,192
3313,192
3314,192
3315,192
3316,192
3317,192
3318,251
3319,251
3320,251
3321,251
3322,251
3323,251
3324,252
3325,252
3326,252
3327,252
3328,252
3329,252
3330,252
3331,269
3332,269
3333,269
3334,269
3335,269
3336,269
3337,269
3338,269
3339,269
3340,269
3341,269
3342,270
3343,270
3344,270
3345,270
3346,270
3347,270
3348,270
3349,270
3350,270
3351,270
3352,270
3353,270
3354,270
3355,270
3356,270
3357,270
3358,270
3359,270
3360,270
3361,270
3362,270
3363,270
3364,270
3365,270
3366,270
3367,270
3368,270
3369,270
3370,270
3371,270
3372,270
3373,270
3374,270
3375,270
3376,214
3377,214
3378,214
3379,214
3380,214
3381,214
3382,214
3383,214
3384,214
3385,214
3386,214
3387,214
3388,214
3389,214
3390,214
3391,214
3392,214
3393,214
3394,214
3395,214
3396,214
3397,214
3398,214
3399,214
3400,214
3401,214
3402,214
3403,214
3404,214
3405,214
3406,214
3407,214
3408,214
3409,214
3410,214
3411,214
3412,214
3413,214
3414,232
3415,232
3416,232
3417,232
3418,232
3419,232
3420,232
3421,232
3422,232
3423,232
3424,232
3425,232
3426,233
3427,233
3428,233
3429,233
3430,233
3431,233
3432,233
3433,233
3434,233
3435,250
3436,250
3437,250
3438,250
3439,250
3440,250
3441,251
3442,251
3443,251
3444,251
3445,251
3446,251
3447,251
3448,267
3449,251
3450,251
3451,251
3452,251
3453,251
3454,251
3455,251
3456,251
3457,252
3458,252
3459,252
3460,252
3461,252
3462,252
3463,252
3464,269
3465,269
3466,269
3467,269
3468,269
3469,269
3470,269
3471,269
3472,270
3473,270
3474,270
3475,270
3476,270
3477,270
3478,270
3479,271
3480,271
3481,271
3482,271
3483,271
3484,271
3485,271
3486,271
3487,271
3488,271
3489,271
3490,271
3491,271
3492,271
3493,271
3494,271
3495,254
3496,254
3497,254
3498,254
3499,254
3500,254
3501,254
3502,254
3503,254
3504,254
3505,254
3506,254
3507,237
3508,237
3509,237
3510,237
3511,237
3512,237
3513,237
3514,237
3515,237
3516,237
3517,237
3518,237
3519,237
3520,220
3521,220
3522,220
3523,220
3524,220
3525,220
3526,220
3527,220
3528,220
3529,220
3530,220
3531,220
3532,220
3533,203
3534,203
3535,203
3536,203
3537,203
3538,203
3539,203
3540,203
3541,203
3542,203
3543,203
3544,203
3545,203
3546,203
3547,203
3548,186
3549,186
3550,186
3551,186
3552,186
3553,186
3554,186
3555,186
3556,186
3557,186
3558,186
3559,186
3560,169
3561,169
3562,169
3563,169
3564,169
3565,169
3566,169
3567,169
3568,169
3569,169
3570,169
3571,152
3572,152
3573,152
3574,152
3575,152
3576,152
3577,152
3578,152
3579,152
3580,152
3581,152
3582,152
3583,135
3584,135
3585,135
3586,135
3587,135
3588,135
3589,135
3590,135
3591,135
3592,135
3593,135
3594,135
3595,118
3596,118
3597,118
3598,118
3599,118
3600,118
3601,118
3602,118
3603,118
3604,118
3605,118
3606,101
3607,101
3608,101
3609,101
3610,101
3611,101
3612,101
3613,101
3614,101
3615,101
3616,101
3617,101
3618,101
3619,101
3620,101
3621,101
3622,101
3623,84
3624,84
3625,84
3626,84
3627,84
3628,84
3629,84
3630,84
3631,84
3632,84
3633,84
3634,84
3635,84
3636,84
3637,84
3638,67
3639,67
3640,67
3641,67
3642,67
3643,67
3644,67
3645,67
3646,67
3647,67
3648,50
3649,50
3650,50
3651,76
3652,93
3653,93
3654,93
3655,93
3656,93
3657,93
3658,93
3659,92
3660,92
3661,92
3662,92
3663,92
3664,92
3665,92
3666,92
3667,109
3668,109
3669,109
3670,109
3671,109
3672,109
3673,109
3674,109
3675,109
3676,109
3677,109
3678,109
3679,108
3680,108
3681,108
3682,108
3683,108
3684,108
3685,108
3686,108
3687,108
3688,125
3689,125
3690,125
3691,125
3692,125
3693,125
3694,125
3695,125
3696,125
3697,125
3698,125
3699,125
3700,125
3701,125
3702,124
3703,124
3704,124
3705,124
3706,141
3707,141
3708,141
3709,141
3710,141
3711,141
3712,141
3713,141
3714,141
3715,141
3716,141
3717,141
3718,141
3719,141
3720,141
3721,141
3722,141
3723,141
3724,141
3725,157
3726,157
3727,157
3728,157
3729,157
3730,157
3731,157
3732,157
3733,157
3734,157
3735,157
3736,157
3737,157
3738,157
3739,157
3740,157
3741,157
3742,157
3743,173
3744,173
3745,173
3746,173
3747,173
3748,173
3749,173
3750,173
3751,173
3752,173
3753,173
3754,173
3755,173
3756,173
3757,173
3758,173
3759,173
3760,173
3761,190
3762,190
3763,190
3764,190
3765,190
3766,189
3767,189
3768,189
3769,189
3770,189
3771,189
3772,189
3773,189
3774,189
3775,189
3776,189
3777,189
3778,189
3779,189
3780,206
3781,206
3782,206
3783,206
3784,206
3785,206
3786,206
3787,206
3788,206
3789,206
3790,205
3791,205
3792,205
3793,205
3794,205
3795,205
3796,205
3797,222
3798,222
3799,222
3800,222
3801,222
3802,222
3803,222
3804,222
3805,222
3806,222
3807,222
3808,222
3809,222
3810,222
3811,239
3812,239
3813,239
3814,239
3815,239
3816,239
3817,239
3818,239
3819,239
3820,239
3821,239
3822,239
3823,256
3824,256
3825,256
3826,256
3827,256
3828,256
3829,256
3830,256
3831,273
3832,273
3833,273
3834,273
3835,273
3836,273
3837,273
3838,273
3839,273
3840,273
3841,273
3842,273
3843,273
3844,273
3845,273
3846,273
3847,290
3848,290
3849,290
3850,290
3851,290
3852,290
3853,290
3854,290
3855,290
3856,291
3857,291
3858,291
3859,291
3860,291
3861,291
3862,291
3863,291
3864,308
3865,308
3866,308
3867,308
3868,308
3869,308
3870,309
3871,309
3872,309
3873,309
3874,309
3875,309
3876,309
3877,309
3878,309
3879,309
3880,309
3881,309
3882,309
3883,309
3884,309
3885,309
3886,310
3887,310
3888,310
3889,327
3890,327
3891,327
3892,327
3893,327
3894,327
3895,327
3896,327
3897,327
3898,327
3899,327
3900,327
3901,327
3902,327
3903,328
3904,328
3905,328
3906,328
3907,328
3908,311
3909,311
3910,311
3911,311
3912,311
3913,311
3914,311
3915,311
3916,312
3917,312
3918,312
3919,312
3920,312
3921,312
3922,312
3923,312
3924,312
3925,312
3926,312
3927,312
3928,312
3929,312
3930,312
3931,312
3932,312
3933,312
3934,312
3935,312
3936,312
3937,312
3938,312
3939,296
3940,296
3941,296
3942,296
3943,296
3944,296
3945,296
3946,296
3947,296
3948,296
3949,296
3950,296
3951,296
3952,279
3953,279
3954,279
3955,279
3956,279
3957,279
3958,279
3959,279
3960,279
3961,279
3962,280
3963,280
3964,280
3965,280
3966,280
3967,280
3968,280
3969,280
3970,280
3971,263
3972,263
3973,263
3974,263
3975,263
3976,263
3977,263
3978,263
3979,263
3980,263
3981,263
3982,263
3983,263
3984,263
3985,263
3986,263
3987,264
3988,264
3989,264
3990,264
3991,264
3992,264
3993,264
3994,264
3995,264
3996,264
3997,264
3998,264
3999,264
4000,264
4001,264
4002,264
4003,264
4004,264
4005,264
4006,264
4007,264
4008,264
4009,264
4010,264
4011,264
4012,264
4013,264
4014,265
4015,265
4016,265
4017,265
4018,265
4019,265
4020,282
4021,282
4022,282
4023,282
4024,282
4025,282
4026,282
4027,282
4028,282
4029,282
4030,283
4031,283
4032,283
4033,283
4034,283
4035,283
4036,266
4037,266
4038,266
4039,266
4040,266
4041,266
4042,266
4043,266
4044,266
4045,266
4046,266
4047,266
4048,266
4049,266
4050,266
4051,266
4052,266
4053,266
4054,266
4055,266
4056,266
4057,266
4058,232
4059,232
4060,232
4061,232
4062,232
4063,232
4064,232
4065,232
4066,232
4067,232
4068,232
4069,232
4070,232
4071,232
4072,214
4073,231
4074,231
4075,231
4076,231
4077,214
4078,214
4079,214
4080,214
4081,214
4082,214
4083,214
4084,214
4085,214
4086,214
4087,214
4088,214
4089,214
4090,214
4091,214
4092,214
4093,214
4094,214
4095,214
4096,214
4097,214
4098,214
4099,214
4100,214
4101,214
4102,214
4103,214
4104,214
4105,214
4106,213
4107,213
4108,213
4109,213
4110,213
4111,213
4112,213
4113,213
4114,213
4115,213
4116,213
4117,213
4118,213
4119,213
4120,213
4121,213
4122,213
4123,196
4124,196
4125,196
4126,196
4127,196
4128,196
4129,196
4130,196
4131,196
4132,196
4133,196
4134,196
4135,196
4136,195
4137,195
4138,195
4139,195
4140,195
4141,195
4142,195
4143,195
4144,195
4145,195
4146,195
4147,195
4148,195
4149,195
4150,195
4151,195
4152,195
4153,195
4154,195
4155,194
4156,194
4157,194
4158,194
4159,194
4160,194
4161,194
4162,194
4163,177
4164,177
4165,177
4166,177
4167,177
4168,177
4169,177
4170,177
4171,177
4172,177
4173,177
4174,177
4175,177
4176,177
4177,177
4178,177
4179,177
4180,177
4181,176
4182,176
4183,176
4184,176
4185,176
4186,176
4187,176
4188,176
4189,176
4190,176
4191,176
4192,176
4193,176
4194,159
4195,159
4196,159
4197,159
4198,159
4199,159
4200,159
4201,159
4202,159
4203,159
4204,176
4205,176
4206,175
4207,175
4208,175
4209,175
4210,175
4211,175
4212,175
4213,175
4214,175
4215,175
4216,175
4217,175
4218,175
4219,175
4220,175
4221,175
4222,175
4223,175
4224,174
4225,174
4226,174
4227,174
4228,174
4229,174
4230,174
4231,174
4232,174
4233,174
4234,174
4235,174
4236,174
4237,174
4238,174
4239,174
4240,174
4241,174
4242,174
4243,174
4244,174
4245,174
4246,191
4247,192
4248,192
4249,192
4250,192
4251,191
4252,192
4253,192
4254,192
4255,192
4256,192
4257,192
4258,192
4259,192
4260,192
4261,192
4262,192
4263,192
4264,192
4265,192
4266,192
4267,192
4268,209
4269,209
4270,209
4271,209
4272,209
4273,209
4274,209
4275,209
4276,209
4277,209
4278,209
4279,209
4280,209
4281,226
4282,226
4283,226
4284,226
4285,226
4286,226
4287,226
4288,226
4289,226
4290,226
4291,226
4292,226
4293,226
4294,226
4295,226
4296,226
4297,226
4298,226
4299,226
4300,226
4301,226
4302,226
4303,226
4304,226
4305,226
4306,227
4307,227
4308,227
4309,227
4310,227
4311,227
4312,227
4313,227
4314,227
4315,227
4316,227
4317,227
4318,227
4319,227
4320,227
4321,227
4322,227
4323,227
4324,227
4325,227
4326,227
4327,227
4328,227
4329,227
4330,228
4331,228
4332,228
4333,228
4334,228
4335,228
4336,228
4337,228
4338,228
4339,245
4340,245
4341,245
4342,245
4343,245
4344,245
4345,245
4346,245
4347,245
4348,245
4349,245
4350,245
4351,245
4352,246
4353,246
4354,246
4355,246
4356,246
4357,246
4358,246
4359,246
4360,246
4361,246
4362,246
4363,263
4364,263
4365,263
4366,246
4367,246
4368,246
4369,246
4370,263
4371,263
4372,263
4373,263
4374,263
4375,263
4376,263
4377,246
4378,246
4379,263
4380,263
4381,263
4382,264
4383,247
4384,247
4385,247
4386,247
4387,247
4388,247
4389,264
4390,264
4391,247
4392,247
4393,264
4394,264
4395,264
4396,264
4397,264
4398,264
4399,264
4400,264
4401,264
4402,264
4403,264
4404,265
4405,265
4406,265
4407,265
4408,282
4409,282
4410,282
4411,282
4412,282
4413,282
4414,282
4415,265
4416,265
4417,282
4418,282
4419,282
4420,282
4421,282
4422,282
4423,282
4424,282
4425,282
4426,282
4427,282
4428,283
4429,283
4430,283
4431,283
4432,283
4433,283
4434,283
4435,283
4436,283
4437,283
4438,266
4439,266
4440,266
4441,266
4442,266
4443,266
4444,244
4445,244
4446,244
4447,244
4448,244
4449,261
4450,261
4451,261
4452,261
4453,261
4454,261
4455,261
4456,261
4457,261
4458,261
4459,261
4460,261
4461,262
4462,262
4463,262
4464,262
4465,262
4466,262
4467,262
4468,262
4469,262
4470,262
4471,262
4472,262
4473,279
4474,279
4475,279
4476,280
4477,280
4478,280
4479,280
4480,280
4481,280
4482,280
4483,280
4484,280
4485,280
4486,280
4487,280
4488,280
4489,280
4490,280
4491,280
4492,280
4493,263
4494,263
4495,263
4496,263
4497,263
4498,263
4499,263
4500,264
4501,264
4502,264
4503,264
4504,247
4505,247
4506,247
4507,247
4508,247
4509,247
4510,247
4511,247
4512,247
4513,247
4514,247
4515,247
4516,247
4517,247
4518,247
4519,247
4520,247
4521,247
4522,247
4523,247
4524,231
4525,231
4526,231
4527,231
4528,231
4529,231
4530,231
4531,231
4532,231
4533,231
4534,231
4535,231
4536,231
4537,214
4538,214
4539,214
4540,214
4541,215
4542,215
4543,215
4544,232
4545,232
4546,232
4547,232
4548,232
4549,232
4550,232
4551,232
4552,232
4553,232
4554,232
4555,232
4556,232
4557,233
4558,233
4559,233
4560,233
4561,233
4562,233
4563,233
4564,233
4565,250
4566,250
4567,250
4568,250
4569,250
4570,250
4571,251
4572,251
4573,251
4574,251
4575,251
4576,251
4577,251
4578,251
4579,251
4580,251
4581,251
4582,251
4583,251
4584,251
4585,252
4586,252
4587,252
4588,269
4589,269
4590,269
4591,269
4592,269
4593,269
4594,269
4595,269
4596,269
4597,270
4598,270
4599,270
4600,270
4601,270
4602,270
4603,270
4604,270
4605,270
4606,270
4607,270
4608,270
4609,270
4610,270
4611,270
4612,270
4613,270
4614,270
4615,270
4616,270
4617,270
4618,270
4619,270
4620,270
4621,270
4622,270
4623,270
4624,270
4625,270
4626,270
4627,270
4628,270
4629,270
4630,270
4631,270
4632,270
4633,270
4634,270
4635,270
4636,270
4637,270
4638,270
4639,270
4640,270
4641,270
4642,270
4643,270
4644,270
4645,270
4646,270
4647,270
4648,270
4649,270
4650,270
4651,270
4652,287
4653,287
4654,287
4655,287
4656,287
4657,287
4658,287
4659,287
4660,287
4661,287
4662,287
4663,287
4664,287
4665,287
4666,286
4667,286
4668,286
4669,286
4670,286
4671,286
4672,286
4673,286
4674,286
4675,286
4676,286
4677,286
4678,286
4679,286
4680,285
4681,285
4682,285
4683,285
4684,285
4685,285
4686,285
4687,285
4688,285
4689,285
4690,285
4691,285
4692,285
4693,285
4694,285
4695,285
4696,302
4697,302
4698,302
4699,302
4700,302
4701,302
4702,302
4703,302
4704,302
4705,302
4706,302
4707,302
4708,319
4709,319
4710,319
4711,319
4712,319
4713,319
4714,319
4715,319
4716,319
4717,319
4718,319
4719,319
4720,319
4721,319
4722,319
4723,319
4724,319
4725,318
4726,318
4727,318
4728,335
4729,335
4730,335
4731,335
4732,335
4733,335
4734,335
4735,335
4736,335
4737,335
4738,335
4739,335
4740,336
4741,336
4742,336
4743,336
4744,336
4745,352
4746,352
4747,353
4748,353
4749,353
4750,353
4751,352
4752,352
4753,353
4754,353
4755,353
4756,353
4757,353
4758,352
4759,352
4760,352
4761,352
4762,352
4763,352
4764,352
4765,352
4766,352
4767,352
4768,352
4769,352
4770,352
4771,352
4772,352
4773,352
4774,352
4775,352
4776,352
4777,352
4778,352
4779,353
4780,353
4781,352
4782,352
4783,352
4784,352
4785,352
4786,352
4787,352
4788,352
4789,352
4790,352
4791,352
4792,352
4793,353
4794,353
4795,353
4796,353
4797,353
4798,353
4799,353
4800,353
4801,353
4802,352
4803,352
4804,352
4805,352
4806,336
4807,336
4808,336
4809,336
4810,336
4811,336
4812,335
4813,336
4814,336
4815,336
4816,336
4817,336
4818,335
4819,335
4820,335
4821,335
4822,319
4823,319
4824,319
4825,319
4826,319
4827,319
4828,319
4829,319
4830,319
4831,319
4832,319
4833,319
4834,319
4835,319
4836,319
4837,319
4838,319
4839,319
4840,302
4841,302
4842,302
4843,302
4844,302
4845,302
4846,302
4847,302
4848,302
4849,302
4850,302
4851,302
4852,302
4853,302
4854,302
4855,285
4856,285
4857,285
4858,285
4859,285
4860,285
4861,285
4862,285
4863,285
4864,285
4865,285
4866,285
4867,285
4868,285
4869,285
4870,285
4871,286
4872,286
4873,303
4874,303
4875,303
4876,286
4877,286
4878,286
4879,286
4880,286
4881,286
4882,286
4883,286
4884,286
4885,286
4886,287
4887,287
4888,287
4889,287
4890,287
4891,287
4892,287
4893,287
4894,287
4895,287
4896,287
4897,287
4898,287
4899,287
4900,287
4901,270
4902,270
4903,270
4904,270
4905,270
4906,270
4907,270
4908,270
4909,270
4910,270
4911,270
4912,270
4913,270
4914,270
4915,270
4916,270
4917,270
4918,270
4919,270
4920,270
4921,270
4922,270
4923,270
4924,270
4925,270
4926,270
4927,270
4928,270
4929,270
4930,270
4931,270
4932,270
4933,270
4934,270
4935,270
4936,270
4937,270
4938,270
4939,270
4940,270
4941,270
4942,270
4943,270
4944,270
4945,270
4946,270
4947,270
4948,270
4949,270
4950,270
4951,270
4952,213
4953,213
4954,213
4955,213
4956,213
4957,213
4958,213
4959,213
4960,213
4961,213
4962,213
4963,213
4964,213
4965,213
4966,213
4967,213
4968,213
4969,213
4970,213
4971,213
4972,213
4973,213
4974,213
4975,213
4976,213
4977,213
4978,213
4979,213
4980,213
4981,213
4982,213
4983,213
4984,213
4985,213
4986,213
4987,213
4988,213
4989,214
4990,214
4991,214
4992,214
4993,214
4994,214
4995,214
4996,214
4997,214
4998,214
4999,214
5000,214
5001,232
5002,232
5003,232
5004,232
5005,232
5006,232
5007,232
5008,232
5009,232
5010,232
5011,232
5012,232
5013,232
5014,232
5015,232
5016,232
5017,233
5018,233
5019,233
5020,233
5021,233
5022,233
5023,233
5024,250
5025,250
5026,250
5027,250
5028,251
5029,251
5030,251
5031,251
5032,251
5033,251
5034,251
5035,251
5036,251
5037,251
5038,251
5039,251
5040,251
5041,251
5042,252
5043,252
5044,269
5045,269
5046,269
5047,269
5048,269
5049,269
5050,269
5051,269
5052,269
5053,269
5054,269
5055,269
5056,270
5057,270
5058,270
5059,270
5060,270
5061,270
5062,270
5063,270
5064,270
5065,270
5066,270
5067,270
5068,271
5069,271
5070,271
5071,271
5072,271
5073,271
5074,271
5075,271
5076,271
5077,271
5078,271
5079,271
5080,271
5081,271
5082,271
5083,271
5084,271
5085,271
5086,271
5087,271
5088,271
5089,271
5090,271
5091,271
5092,271
5093,271
5094,271
5095,271
5096,271
5097,174
5098,174
5099,174
5100,174
5101,174
5102,174
5103,174
5104,174
5105,174
5106,174
5107,174
5108,174
5109,174
5110,174
5111,174
5112,174
5113,174
5114,174
5115,174
5116,174
5117,174
5118,174
5119,174
5120,174
5121,174
5122,174
5123,174
5124,174
5125,174
5126,175
5127,175
5128,175
5129,174
5130,174
5131,191
5132,191
5133,191
5134,192
5135,192
5136,192
5137,192
5138,192
5139,192
5140,192
5141,192
5142,192
5143,192
5144,192
5145,192
5146,192
5147,192
5148,192
5149,192
5150,192
5151,192
5152,192
5153,192
5154,192
5155,192
5156,192
5157,192
5158,192
5159,192
5160,192
5161,192
5162,192
5163,192
5164,192
5165,192
5166,192
5167,192
5168,192
5169,192
5170,192
5171,192
5172,192
5173,192
5174,192
5175,192
5176,192
5177,193
5178,193
5179,193
5180,193
5181,193
5182,193
5183,193
5184,193
5185,193
5186,193
5187,193
5188,193
5189,193
5190,193
5191,193
5192,193
5193,176
5194,176
5195,176
5196,176
5197,176
5198,176
5199,177
5200,177
5201,177
5202,177
5203,177
5204,177
5205,177
5206,177
5207,177
5208,177
5209,177
5210,177
5211,177
5212,177
5213,177
5214,177
5215,177
5216,177
5217,177
5218,177
5219,177
5220,194
5221,194
5222,194
5223,194
5224,194
5225,194
5226,195
5227,195
5228,195
5229,195
5230,195
5231,195
5232,195
5233,195
5234,195
5235,195
5236,195
5237,195
5238,195
5239,195
5240,195
5241,195
5242,195
5243,195
5244,195
5245,195
5246,195
5247,195
5248,195
5249,195
5250,196
5251,196
5252,196
5253,213
5254,213
5255,196
5256,196
5257,196
5258,196
5259,196
5260,196
5261,213
5262,213
5263,213
5264,213
5265,213
5266,214
5267,214
5268,214
5269,214
5270,214
5271,214
5272,214
5273,214
5274,214
5275,214
5276,214
5277,214
5278,214
5279,214
5280,214
5281,214
5282,214
5283,214
5284,214
5285,214
5286,214
5287,215
5288,215
5289,215
5290,232
5291,232
5292,232
5293,232
5294,232
5295,232
5296,232
5297,232
5298,232
5299,232
5300,232
5301,232
5302,232
5303,232
5304,233
5305,233
5306,233
5307,233
5308,233
5309,233
5310,250
5311,250
5312,250
5313,250
5314,250
5315,250
5316,250
5317,250
5318,250
5319,251
5320,251
5321,251
5322,251
5323,251
5324,251
5325,251
5326,251
5327,251
5328,251
5329,251
5330,251
5331,251
5332,251
5333,251
5334,251
5335,251
5336,251
5337,251
5338,251
5339,252
5340,252
5341,252
5342,252
5343,252
5344,252
5345,252
5346,252
5347,252
5348,252
5349,252
5350,252
5351,252
5352,252
5353,252
5354,252
5355,252
5356,253
5357,253
5358,270
5359,270
5360,270
5361,270
5362,270
5363,270
5364,270
5365,270
5366,270
5367,270
5368,270
5369,270
5370,270
5371,270
5372,270
5373,270
5374,270
5375,270
5376,270
5377,270
5378,270
5379,270
5380,270
5381,270
5382,270
5383,270
5384,270
5385,270
5386,270
5387,270
5388,270
5389,270
5390,270
5391,270
5392,270
5393,270
5394,270
5395,270
5396,270
5397,270
5398,270
5399,270
5400,270
5401,270
5402,270
5403,270
5404,270
5405,270
5406,270
5407,270
5408,270
5409,270
5410,270
5411,270
5412,270
5413,270
5414,270
5415,270
5416,270
5417,270
5418,270
5419,270
5420,270
5421,270
5422,270
5423,270
5424,270
5425,270
5426,270
5427,271
5428,271
5429,271
5430,271
5431,271
5432,271
5433,271
5434,271
5435,271
5436,271
5437,271
5438,271
5439,270
5440,270
5441,270
5442,270
5443,270
5444,270
5445,270
5446,270
5447,270
5448,270
5449,270
5450,270
5451,270
5452,270
5453,270
5454,270
5455,270
5456,270
5457,270
5458,270
5459,270
5460,270
5461,270
5462,270
5463,270
5464,270
5465,270
5466,270
5467,270
5468,270
5469,270
5470,270
5471,270
5472,270
5473,270
5474,287
5475,287
5476,287
5477,287
5478,287
5479,287
5480,287
5481,287
5482,287
5483,287
5484,287
5485,286
5486,286
5487,286
5488,286
5489,286
5490,286
5491,286
5492,286
5493,286
5494,286
5495,286
5496,286
5497,286
5498,285
5499,285
5500,285
5501,285
5502,285
5503,285
5504,285
5505,285
5506,285
5507,285
5508,285
5509,285
5510,285
5511,285
5512,302
5513,302
5514,302
5515,302
5516,302
5517,302
5518,302
5519,302
5520,302
5521,302
5522,302
5523,302
5524,319
5525,319
5526,319
5527,319
5528,319
5529,319
5530,319
5531,319
5532,319
5533,319
5534,319
5535,336
5536,335
5537,335
5538,335
5539,335
5540,335
5541,335
5542,335
5543,335
5544,335
5545,335
5546,335
5547,335
5548,335
5549,335
5550,335
5551,335
5552,335
5553,335
5554,335
5555,335
5556,335
5557,335
5558,352
5559,352
5560,353
5561,353
5562,353
5563,353
5564,353
5565,353
5566,353
5567,353
5568,353
5569,353
5570,353
5571,353
5572,352
5573,352
5574,352
5575,352
5576,352
5577,352
5578,352
5579,352
5580,352
5581,352
5582,352
5583,352
5584,352
5585,352
5586,352
5587,270
5588,270
5589,270
5590,270
5591,270
5592,270
5593,270
5594,270
5595,270
5596,270
5597,270
5598,270
5599,270
5600,270
5601,270
5602,270
5603,270
5604,270
5605,270
5606,270
5607,270
5608,270
5609,270
5610,270
5611,270
5612,252
5613,252
5614,252
5615,252
5616,252
5617,252
5618,252
5619,252
5620,252
5621,252
5622,252
5623,252
5624,252
5625,252
5626,252
5627,252
5628,251
5629,251
5630,251
5631,251
5632,251
5633,251
5634,251
5635,251
5636,251
5637,251
5638,251
5639,251
5640,251
5641,251
5642,234
5643,234
5644,234
5645,233
5646,233
5647,233
5648,233
5649,233
5650,233
5651,233
5652,233
5653,233
5654,233
5655,233
5656,233
5657,233
5658,233
5659,233
5660,233
5661,233
5662,233
5663,233
5664,233
5665,233
5666,232
5667,232
5668,232
5669,232
5670,232
5671,232
5672,232
5673,232
5674,232
5675,232
5676,232
5677,232
5678,232
5679,215
5680,215
5681,214
5682,214
5683,214
5684,214
5685,214
5686,214
5687,214
5688,214
5689,214
5690,214
5691,214
5692,214
5693,214
5694,214
5695,214
5696,214
5697,214
5698,214
5699,214
5700,214
5701,214
5702,196
5703,196
5704,196
5705,196
5706,196
5707,196
5708,196
5709,196
5710,196
5711,196
5712,196
5713,196
5714,196
5715,196
5716,195
5717,195
5718,178
5719,178
5720,178
5721,178
5722,178
5723,178
5724,178
5725,178
5726,178
5727,178
5728,178
5729,178
5730,178
5731,178
5732,178
5733,177
5734,177
5735,177
5736,177
5737,177
5738,177
5739,177
5740,177
5741,177
5742,177
5743,177
5744,177
5745,177
5746,177
5747,177
5748,177
5749,177
5750,176
5751,176
5752,176
5753,176
5754,176
5755,176
5756,176
5757,176
5758,193
5759,193
5760,193
5761,193
5762,193
5763,193
5764,193
5765,193
5766,193
5767,193
5768,193
5769,192
5770,192
5771,192
5772,192
5773,192
5774,192
5775,192
5776,192
5777,192
5778,192
5779,192
5780,192
5781,192
5782,192
5783,192
5784,192
5785,192
5786,192
5787,192
5788,192
5789,192
5790,192
5791,191
5792,191
5793,191
5794,191
5795,174
5796,174
5797,174
5798,174
5799,174
5800,174
5801,174
5802,174
5803,174
5804,174
5805,174
5806,174
5807,175
5808,192
5809,192
5810,192
5811,192
5812,192
5813,192
5814,192
5815,192
5816,192
5817,192
5818,192
5819,192
5820,192
5821,192
5822,192
5823,192
5824,192
5825,192
5826,192
5827,193
5828,193
5829,193
5830,193
5831,193
5832,193
5833,193
5834,193
5835,193
5836,193
5837,193
5838,193
5839,193
5840,176
5841,176
5842,176
5843,176
5844,177
5845,177
5846,177
5847,177
5848,177
5849,177
5850,177
5851,177
5852,177
5853,177
5854,177
5855,177
5856,177
5857,177
5858,177
5859,194
5860,194
5861,195
5862,195
5863,195
5864,195
5865,195
5866,195
5867,195
5868,195
5869,195
5870,195
5871,195
5872,195
5873,195
5874,195
5875,195
5876,195
5877,195
5878,196
5879,196
5880,196
5881,196
5882,213
5883,213
5884,213
5885,213
5886,213
5887,213
5888,213
5889,213
5890,214
5891,214
5892,214
5893,214
5894,214
5895,214
5896,214
5897,214
5898,214
5899,214
5900,214
5901,214
5902,214
5903,214
5904,214
5905,215
5906,215
5907,215
5908,215
5909,215
5910,232
5911,232
5912,232
5913,232
5914,232
5915,232
5916,232
5917,232
5918,232
5919,232
5920,233
5921,233
5922,233
5923,233
5924,233
5925,233
5926,233
5927,233
5928,233
5929,233
5930,233
5931,233
5932,233
5933,233
5934,233
5935,233
5936,250
5937,250
5938,251
5939,251
5940,251
5941,251
5942,251
5943,251
5944,251
5945,251
5946,251
5947,251
5948,251
5949,251
5950,251
5951,251
5952,252
5953,252
5954,252
5955,252
5956,252
5957,252
5958,252
5959,252
5960,252
5961,252
5962,252
5963,269
5964,269
5965,269
5966,269
5967,269
5968,270
5969,270
5970,270
5971,270
5972,270
5973,270
5974,270
5975,270
5976,270
5977,270
5978,270
5979,270
5980,270
5981,270
5982,270
5983,270
5984,270
5985,270
5986,270
5987,270
5988,270
5989,270
5990,270
5991,270
5992,270
5993,270
5994,270
5995,270
5996,270
5997,270
5998,270
5999,270
6000,270
6001,270
6002,270
6003,270
6004,270
6005,270
6006,270
6007,270
6008,270
6009,270
6010,270
6011,270
6012,270
6013,270
6014,270
6015,270
6016,270
6017,270
6018,270
6019,270
6020,270
6021,270
6022,270
6023,270
6024,270
6025,270
6026,270
6027,270
6028,270
6029,270
6030,270
6031,270
6032,270
6033,270
6034,270
6035,270
6036,270
6037,270
6038,270
6039,270
6040,270
6041,270
6042,270
6043,270
6044,270
6045,270
6046,270
6047,270
6048,270
6049,270
6050,270
6051,270
6052,270
6053,270
6054,270
6055,270
6056,270
6057,270
6058,270
6059,270
6060,270
6061,270
6062,270
6063,270
6064,270
6065,270
6066,270
6067,270
6068,270
6069,270
6070,270
6071,270
6072,270
6073,270
6074,270
6075,270
6076,270
6077,270
6078,270
6079,270
6080,270
6081,270
6082,270
6083,270
6084,270
6085,270
6086,270
6087,270
6088,270
6089,270
6090,270
6091,270
6092,270
6093,270
6094,270
6095,270
6096,270
6097,270
6098,270
6099,251
6100,251
6101,251
6102,251
6103,251
6104,251
6105,251
6106,251
6107,251
6108,251
6109,251
6110,251
6111,251
6112,251
6113,251
6114,251
6115,250
6116,250
6117,250
6118,250
6119,250
6120,250
6121,250
6122,250
6123,250
6124,250
6125,250
6126,250
6127,233
6128,233
6129,233
6130,233
6131,250
6132,233
6133,233
6134,233
6135,233
6136,233
6137,233
6138,233
6139,233
6140,233
6141,232
6142,232
6143,232
6144,232
6145,232
6146,232
6147,232
6148,232
6149,232
6150,232
6151,232
6152,232
6153,232
6154,232
6155,232
6156,249
6157,249
6158,249
6159,249
6160,249
6161,249
6162,249
6163,249
6164,249
6165,249
6166,249
6167,249
6168,249
6169,249
6170,249
6171,266
6172,266
6173,266
6174,266
6175,266
6176,266
6177,266
6178,266
6179,266
6180,266
6181,266
6182,266
6183,266
6184,266
6185,266
6186,266
6187,266
6188,266
6189,266
6190,266
6191,266
6192,266
6193,266
6194,266
6195,266
6196,266
6197,266
6198,266
6199,266
6200,266
6201,266
6202,266
6203,266
6204,266
6205,266
6206,266
6207,266
6208,266
6209,266
6210,266
6211,266
6212,266
6213,266
6214,266
6215,266
6216,266
6217,266
6218,266
6219,266
6220,266
6221,266
6222,266
6223,266
6224,266
6225,266
6226,266
6227,266
6228,266
6229,266
6230,266
6231,266
6232,266
6233,266
6234,266
6235,266
6236,266
6237,266
6238,266
6239,266
6240,266
6241,266
6242,266
6243,266
6244,266
6245,266
6246,266
6247,266
6248,266
6249,249
6250,249
6251,249
6252,266
6253,249
6254,249
6255,266
6256,249
6257,249
6258,249
6259,266
6260,266
6261,266
6262,266
6263,266
6264,266
6265,266
6266,266
6267,266
6268,266
6269,266
6270,266
6271,266
6272,266
6273,266
6274,266
6275,266
6276,266
6277,266
6278,266
6279,266
6280,266
6281,266
6282,266
6283,266
6284,266
6285,266
6286,266
6287,266
6288,266
6289,266
6290,266
6291,266
6292,265
6293,265
6294,265
6295,265
6296,265
6297,265
6298,265
6299,265
6300,265
6301,265
6302,265
6303,265
6304,265
6305,265
6306,265
6307,265
6308,264
6309,264
6310,264
6311,264
6312,264
6313,264
6314,264
6315,264
6316,264
6317,263
6318,247
6319,247
6320,247
6321,247
6322,247
6323,246
6324,246
6325,246
6326,246
6327,263
6328,263
6329,263
6330,263
6331,263
6332,263
6333,263
6334,246
6335,246
6336,246
6337,246
6338,246
6339,246
6340,245
6341,245
6342,245
6343,245
6344,245
6345,245
6346,245
6347,245
6348,245
6349,245
6350,245
6351,245
6352,245
6353,245
6354,245
6355,245
6356,245
6357,245
6358,245
6359,245
6360,245
6361,245
6362,245
6363,245
6364,245
6365,245
6366,245
6367,245
6368,245
6369,245
6370,227
6371,227
6372,227
6373,227
6374,227
6375,227
6376,227
6377,227
6378,227
6379,227
6380,227
6381,227
6382,227
6383,227
6384,227
6385,227
6386,227
6387,227
6388,227
6389,227
6390,227
6391,227
6392,227
6393,227
6394,227
6395,227
6396,227
6397,226
6398,226
6399,226
6400,226
6401,226
6402,226
6403,226
6404,226
6405,226
6406,226
6407,226
6408,226
6409,226
6410,226
6411,226
6412,226
6413,226
6414,226
6415,226
6416,226
6417,226
6418,226
6419,226
6420,226
6421,226
6422,226
6423,226
6424,209
6425,209
6426,209
6427,209
6428,209
6429,209
6430,209
6431,209
6432,209
6433,209
6434,209
6435,209
6436,209
6437,209
6438,209
6439,209
6440,209
6441,209
6442,209
6443,209
6444,209
6445,209
6446,192
6447,192
6448,192
6449,192
6450,192
6451,192
6452,192
6453,192
6454,192
6455,192
6456,192
6457,192
6458,192
6459,192
6460,192
6461,192
6462,192
6463,192
6464,192
6465,191
6466,191
6467,174
6468,174
6469,174
6470,174
6471,174
6472,174
6473,174
6474,174
6475,174
6476,174
6477,174
6478,174
6479,174
6480,174
6481,174
6482,174
6483,174
6484,174
6485,174
6486,174
6487,174
6488,232
6489,232
6490,232
6491,232
6492,232
6493,232
6494,232
6495,215
6496,232
6497,232
6498,232
6499,215
6500,215
6501,214
6502,214
6503,214
6504,214
6505,214
6506,214
6507,214
6508,214
6509,214
6510,214
6511,196
6512,196
6513,196
6514,196
6515,196
6516,195
6517,195
6518,195
6519,195
6520,195
6521,195
6522,195
6523,195
6524,177
6525,177
6526,177
6527,177
6528,177
6529,177
6530,177
6531,176
6532,176
6533,176
6534,176
6535,193
6536,193
6537,193
6538,193
6539,192
6540,192
6541,192
6542,192
6543,192
6544,192
6545,192
6546,192
6547,192
6548,192
6549,192
6550,192
6551,191
6552,191
6553,191
6554,191
6555,191
6556,194
6557,194
6558,195
6559,195
6560,195
6561,195
6562,195
6563,195
6564,195
6565,195
6566,195
6567,195
6568,195
6569,195
6570,195
6571,195
6572,195
6573,195
6574,195
6575,195
6576,195
6577,195
6578,196
6579,196
6580,196
6581,196
6582,196
6583,196
6584,196
6585,196
6586,196
6587,196
6588,196
6589,196
6590,196
6591,196
6592,196
6593,196
6594,213
6595,213
6596,213
6597,213
6598,213
6599,213
6600,214
6601,214
6602,214
6603,214
6604,214
6605,214
6606,214
6607,214
6608,214
6609,214
6610,214
6611,214
6612,214
6613,214
6614,214
6615,214
6616,214
6617,214
6618,232
6619,232
6620,232
6621,232
6622,232
6623,232
6624,232
6625,232
6626,232
6627,232
6628,192
6629,192
6630,192
6631,192
6632,192
6633,192
6634,192
6635,192
6636,192
6637,192
6638,192
6639,192
6640,192
6641,192
6642,192
6643,192
6644,192
6645,193
6646,193
6647,193
6648,193
6649,193
6650,193
6651,193
6652,193
6653,193
6654,193
6655,193
6656,193
6657,193
6658,176
6659,176
6660,176
6661,176
6662,177
6663,177
6664,177
6665,177
6666,177
6667,177
6668,177
6669,177
6670,177
6671,177
6672,177
6673,177
6674,177
6675,177
6676,194
6677,214
6678,214
6679,214
6680,214
6681,214
6682,214
6683,214
6684,214
6685,214
6686,214
6687,214
6688,214
6689,214
6690,214
6691,214
6692,214
6693,214
6694,214
6695,214
6696,214
6697,214
6698,232
6699,232
6700,232
6701,232
6702,232
6703,232
6704,232
6705,232
6706,232
6707,232
6708,232
6709,232
6710,232
6711,232
6712,232
6713,233
6714,233
6715,233
6716,233
6717,233
6718,233
6719,233
6720,233
6721,233
6722,233
6723,250
6724,250
6725,250
6726,250
6727,250
6728,250
6729,250
6730,250
6731,250
6732,251
6733,251
6734,251
6735,251
6736,251
6737,251
6738,251
6739,251
6740,251
6741,251
6742,251
6743,251
6744,251
6745,251
6746,251
6747,251
6748,251
6749,251
6750,252
6751,252
6752,269
6753,269
6754,269
6755,269
6756,269
6757,269
6758,269
6759,269
6760,269
6761,269
6762,269
6763,269
6764,269
6765,270
6766,270
6767,270
6768,270
6769,270
6770,270
6771,270
6772,270
6773,270
6774,270
6775,270
6776,270
6777,270
6778,270
6779,270
6780,287
6781,287
6782,287
6783,287
6784,287
6785,287
6786,287
6787,287
6788,287
6789,287
6790,287
6791,287
6792,287
6793,287
6794,192
6795,192
6796,192
6797,192
6798,192
6799,192
6800,192
6801,192
6802,192
6803,192
6804,192
6805,192
6806,192
6807,192
6808,192
6809,192
6810,193
6811,193
6812,193
6813,193
6814,193
6815,193
6816,193
6817,193
6818,193
6819,193
6820,193
6821,193
6822,193
6823,193
6824,193
6825,176
6826,176
6827,176
6828,176
6829,176
6830,176
6831,177
6832,177
6833,177
6834,177
6835,177
6836,177
6837,177
6838,177
6839,177
6840,177
6841,177
6842,177
6843,177
6844,177
6845,177
6846,177
6847,177
6848,194
6849,195
6850,195
6851,195
6852,195
6853,195
6854,195
6855,195
6856,195
6857,195
6858,195
6859,195
6860,195
6861,195
6862,195
6863,195
6864,195
6865,195
6866,195
6867,196
6868,196
6869,196
6870,196
6871,196
6872,213
6873,213
6874,213
6875,213
6876,213
6877,213
6878,213
6879,213
6880,214
6881,214
6882,214
6883,213
6884,213
6885,214
6886,214
6887,214
6888,214
6889,214
6890,214
6891,214
6892,214
6893,214
6894,214
6895,214
6896,214
6897,232
6898,232
6899,232
6900,232
6901,232
6902,232
6903,232
6904,232
6905,232
6906,232
6907,233
6908,233
6909,233
6910,233
6911,233
6912,233
6913,250
6914,250
6915,250
6916,250
6917,250
6918,250
6919,250
6920,251
6921,251
6922,251
6923,251
6924,251
6925,251
6926,251
6927,251
6928,251
6929,251
6930,251
6931,251
6932,251
6933,251
6934,251
6935,251
6936,251
6937,252
6938,252
6939,252
6940,252
6941,252
6942,269
6943,269
6944,269
6945,269
6946,269
6947,269
6948,269
6949,269
6950,269
6951,269
6952,269
6953,269
6954,269
6955,269
6956,269
6957,270
6958,270
6959,270
6960,270
6961,270
6962,270
6963,270
6964,270
6965,270
6966,270
6967,270
6968,270
6969,287
6970,287
6971,287
6972,287
6973,287
6974,287
6975,287
6976,287
6977,287
6978,287
6979,287
6980,287
6981,286
6982,286
6983,286
6984,286
6985,286
6986,264
6987,264
6988,264
6989,247
6990,247
6991,247
6992,247
6993,247
6994,230
6995,230
6996,231
6997,231
6998,231
6999,214
7000,214
7001,214
7002,214
7003,215
7004,198
7005,198
7006,198
7007,198
7008,198
7009,182
7010,182
7011,182
7012,182
7013,182
7014,182
7015,182
7016,166
7017,166
7018,166
7019,166
7020,149
7021,148
7022,148
7023,148
7024,148
7025,148
7026,148
7027,148
7028,148
7029,148
7030,147
7031,147
7032,147
7033,147
7034,147
7035,164
7036,164
7037,164
7038,164
7039,163
7040,163
7041,163
7042,163
7043,180
7044,180
7045,180
7046,180
7047,180
7048,179
7049,179
7050,196
7051,196
7052,196
7053,196
7054,196
7055,213
7056,213
7057,213
7058,214
7059,214
7060,214
7061,214
7062,214
7063,214
7064,232
7065,232
7066,232
7067,232
7068,232
7069,233
7070,233
7071,233
7072,233
7073,250
7074,251
7075,251
7076,251
7077,251
7078,251
7079,251
7080,251
7081,251
7082,252
7083,235
7084,235
7085,235
7086,235
7087,235
7088,218
7089,218
7090,218
7091,218
7092,218
7093,218
7094,218
7095,201
7096,201
7097,184
7098,184
7099,184
7100,184
7101,184
7102,184
7103,184
7104,167
7105,167
7106,167
7107,167
7108,166
7109,166
7110,166
7111,166
7112,166
7113,149
7114,149
7115,148
7116,148
7117,148
7118,148
7119,148
7120,147
7121,147
7122,147
7123,147
7124,147
7125,147
7126,147
7127,164
7128,164
7129,163
7130,163
7131,163
7132,163
7133,180
7134,180
7135,180
7136,180
7137,180
7138,196
7139,196
7140,196
7141,196
7142,196
7143,197
7144,197
7145,196
7146,196
7147,196
7148,214
7149,214
7150,214
7151,214
7152,215
7153,215
7154,215
7155,215
7156,198
7157,198
7158,198
7159,198
7160,198
7161,198
7162,182
7163,182
7164,182
7165,182
7166,182
7167,165
7168,166
7169,166
7170,166
7171,166
7172,166
7173,166
7174,166
7175,166
7176,167
7177,167
7178,167
7179,167
7180,167
7181,167
7182,150
7183,150
7184,150
7185,150
7186,150
7187,150
7188,133
7189,133
7190,133
7191,133
7192,133
7193,133
7194,133
7195,132
7196,132
7197,115
7198,115
7199,114
7200,114
7201,114
7202,114
7203,114
7204,113
7205,113
7206,113
7207,130
7208,130
7209,130
7210,130
7211,130
7212,147
7213,147
7214,147
7215,147
7216,147
7217,147
7218,164
7219,164
7220,164
7221,164
7222,163
7223,163
7224,163
7225,163
7226,180
7227,180
7228,180
7229,180
7230,180
7231,180
7232,180
7233,180
7234,196
7235,196
7236,196
7237,196
7238,196
7239,196
7240,196
7241,196
7242,213
7243,213
7244,214
7245,214
7246,214
7247,214
7248,198
7249,198
7250,198
7251,198
7252,198
7253,198
7254,198
7255,198
7256,182
7257,182
7258,182
7259,182
7260,165
7261,165
7262,166
7263,166
7264,166
7265,166
7266,149
7267,149
7268,149
7269,149
7270,132
7271,132
7272,132
7273,132
7274,132
7275,132
7276,132
7277,132
7278,132
7279,132
7280,132
7281,132
7282,132
7283,114
7284,114
7285,113
7286,113
7287,113
7288,130
7289,130
7290,131
7291,131
7292,131
7293,131
7294,130
7295,130
7296,147
7297,147
7298,147
7299,147
7300,164
7301,164
7302,164
7303,164
7304,163
7305,163
7306,180
7307,180
7308,180
7309,180
7310,180
7311,180
7312,180
7313,163
7314,164
7315,164
7316,164
7317,164
7318,164
7319,164
7320,164
7321,164
7322,182
7323,182
7324,182
7325,182
7326,182
7327,182
7328,165
7329,166
7330,166
7331,166
7332,166
7333,166
7334,166
7335,166
7336,167
7337,167
7338,167
7339,167
7340,167
7341,167
7342,167
7343,167
7344,150
7345,150
7346,150
7347,150
7348,150
7349,133
7350,133
7351,133
7352,133
7353,117
7354,117
7355,117
7356,117
7357,117
7358,99
7359,99
7360,99
7361,99
7362,99
7363,99
7364,116
7365,115
7366,115
7367,115
7368,115
7369,115
7370,115
7371,115
7372,115
7373,115
7374,114
7375,114
7376,114
7377,114
7378,114
7379,113
7380,113
7381,113
7382,130
7383,130
7384,130
7385,130
7386,130
7387,130
7388,130
7389,147
7390,147
7391,147
7392,147
7393,147
7394,147
7395,164
7396,164
7397,164
7398,164
7399,164
7400,164
7401,164
7402,164
7403,164
7404,164
7405,164
7406,164
7407,165
7408,182
7409,182
7410,182
7411,182
7412,182
7413,183
7414,183
7415,183
7416,200
7417,200
7418,201
7419,201
7420,201
7421,201
7422,184
7423,184
7424,184
7425,184
7426,184
7427,184
7428,184
7429,167
7430,167
7431,167
7432,167
7433,167
7434,166
7435,166
7436,166
7437,166
7438,166
7439,148
7440,148
7441,148
7442,148
7443,148
7444,148
7445,148
7446,148
7447,147
7448,147
7449,147
7450,147
7451,147
7452,164
7453,164
7454,164
7455,164
7456,164
7457,164
7458,164
7459,164
7460,164
7461,164
7462,180
7463,180
7464,180
7465,180
7466,180
7467,196
7468,196
7469,196
7470,196
7471,196
7472,196
7473,196
7474,196
7475,196
7476,196
7477,196
7478,196
7479,197
7480,197
7481,197
7482,197
7483,197
7484,213
7485,214
7486,214
7487,214
7488,214
7489,214
7490,214
7491,214
7492,214
7493,214
7494,215
7495,215
7496,198
7497,198
7498,198
7499,198
7500,198
7501,198
7502,198
7503,198
7504,198
7505,182
7506,182
7507,182
7508,182
7509,182
7510,182
7511,182
7512,182
7513,182
7514,182
7515,183
7516,183
7517,183
7518,200
7519,200
7520,201
7521,201
7522,201
7523,201
7524,201
7525,201
7526,201
7527,201
7528,184
7529,184
7530,184
7531,184
7532,184
7533,184
7534,167
7535,167
7536,167
7537,167
7538,167
7539,167
7540,167
7541,167
7542,167
7543,150
7544,150
7545,151
7546,151
7547,151
7548,151
7549,134
7550,134
7551,134
7552,134
7553,134
7554,134
7555,134
7556,134
7557,134
7558,134
7559,133
7560,133
7561,133
7562,133
7563,116
7564,116
7565,115
7566,115
7567,115
7568,115
7569,115
7570,115
7571,115
7572,116
7573,116
7574,99
7575,99
7576,99
7577,99
7578,99
7579,98
7580,98
7581,98
7582,98
7583,98
7584,98
7585,98
7586,98
7587,97
7588,97
7589,97
7590,97
7591,97
7592,97
7593,97
7594,97
7595,114
7596,114
7597,114
7598,114
7599,114
7600,114
7601,114
7602,113
7603,114
7604,114
7605,114
7606,114
7607,114
7608,114
7609,131
7610,131
7611,131
7612,131
7613,147
7614,115
7615,132
7616,115
7617,115
7618,115
7619,114
7620,114
7621,114
7622,114
7623,114
7624,113
7625,113
7626,113
7627,113
7628,113
7629,130
7630,130
7631,130
7632,130
7633,131
7634,131
7635,131
7636,148
7637,147
7638,147
7639,147
7640,147
7641,164
7642,164
7643,164
7644,164
7645,164
7646,163
7647,163
7648,180
7649,180
7650,180
7651,180
7652,180
7653,180
7654,180
7655,197
7656,197
7657,197
7658,197
7659,197
7660,196
7661,196
7662,196
7663,196
7664,196
7665,213
7666,197
7667,214
7668,214
7669,214
7670,214
7671,214
7672,214
7673,214
7674,215
7675,198
7676,198
7677,198
7678,198
7679,198
7680,198
7681,198
7682,181
7683,182
7684,182
7685,182
7686,182
7687,182
7688,182
7689,182
7690,166
7691,166
7692,166
7693,166
7694,166
7695,149
7696,148
7697,148
7698,132
7699,132
7700,132
7701,131
7702,131
7703,131
7704,149
7705,149
7706,149
7707,149
7708,149
7709,149
7710,133
7711,133
7712,133
7713,133
7714,133
7715,133
7716,116
7717,116
7718,116
7719,116
7720,116
7721,116
7722,116
7723,117
7724,117
7725,117
7726,118
7727,118
7728,118
7729,118
7730,118
7731,101
7732,101
7733,101
7734,101
7735,101
7736,101
7737,101
7738,101
7739,101
7740,101
7741,101
7742,101
7743,101
7744,101
7745,101
7746,101
7747,101
7748,101
7749,101
7750,100
7751,100
7752,100
7753,83
7754,83
7755,83
7756,83
7757,83
7758,83
7759,100
7760,100
7761,100
7762,99
7763,99
7764,99
7765,99
7766,116
7767,115
7768,115
7769,115
7770,115
7771,115
7772,132
7773,115
7774,114
7775,114
7776,114
7777,114
7778,114
7779,113
7780,96
7781,96
7782,96
7783,96
7784,96
7785,96
7786,95
7787,78
7788,78
7789,78
7790,77
7791,77
7792,77
7793,77
7794,77
7795,77
7796,76
7797,76
7798,76
7799,76
7800,93
7801,93
7802,93
7803,92
7804,92
7805,92
7806,92
7807,92
7808,109
7809,109
7810,109
7811,109
7812,109
7813,109
7814,109
7815,109
7816,125
7817,125
7818,125
7819,125
7820,124
7821,141
7822,141
7823,141
7824,141
7825,141
7826,141
7827,141
7828,141
7829,157
7830,157
7831,157
7832,157
7833,157
7834,157
7835,157
7836,157
7837,174
7838,174
7839,175
7840,175
7841,175
7842,175
7843,175
7844,175
7845,175
7846,266
7847,266
7848,283
7849,266
7850,266
7851,266
7852,266
7853,265
7854,265
7855,265
7856,265
7857,265
7858,264
7859,264
7860,264
7861,264
7862,264
7863,263
7864,263
7865,263
7866,263
7867,263
7868,263
7869,262
7870,262
7871,262
7872,262
7873,262
7874,262
7875,262
7876,261
7877,261
7878,261
7879,261
7880,261
7881,244
7882,244
7883,244
7884,243
7885,243
7886,243
7887,243
7888,243
7889,243
7890,243
7891,226
7892,226
7893,226
7894,226
7895,226
7896,209
7897,209
7898,209
7899,209
7900,209
7901,192
7902,192
7903,192
7904,192
7905,192
7906,192
7907,232
7908,232
7909,232
7910,215
7911,215
7912,214
7913,214
7914,214
7915,214
7916,214
7917,214
7918,214
7919,214
7920,214
7921,214
7922,214
7923,214
7924,196
7925,196
7926,196
7927,196
7928,196
7929,196
7930,195
7931,195
7932,177
7933,177
7934,177
7935,177
7936,177
7937,176
7938,176
7939,193
7940,193
7941,193
7942,193
7943,192
7944,192
7945,192
7946,192
7947,192
7948,192
7949,192
7950,192
7951,191
7952,191
7953,191
7954,191
7955,192
7956,192
7957,192
7958,192
7959,192
7960,192
7961,192
7962,192
7963,192
7964,192
7965,192
7966,192
7967,192
7968,193
7969,193
7970,193
7971,193
7972,193
7973,176
7974,177
7975,177
7976,177
7977,177
7978,177
7979,177
7980,177
7981,177
7982,177
7983,195
7984,195
7985,195
7986,195
7987,195
7988,195
7989,195
7990,196
7991,196
7992,213
7993,213
7994,213
7995,213
7996,213
7997,214
7998,214
7999,214
8000,214
8001,214
8002,214
8003,232
8004,232
8005,232
8006,232
8007,232
8008,232
8009,232
8010,232
8011,232
8012,266
8013,266
8014,266
8015,266
8016,266
8017,283
8018,283
8019,266
8020,265
8021,265
8022,265
8023,265
8024,264
8025,264
8026,264
8027,265
8028,264
8029,247
8030,247
8031,263
8032,263
8033,263
8034,263
8035,263
8036,263
8037,280
8038,280
8039,279
8040,262
8041,262
8042,262
8043,262
8044,262
8045,261
8046,244
8047,244
8048,244
8049,244
8050,243
8051,243
8052,243
8053,243
8054,243
8055,243
8056,243
8057,226
8058,226
8059,226
8060,226
8061,226
8062,209
8063,209
8064,192
8065,192
8066,192
8067,192
8068,192
8069,175
8070,175
8071,175
8072,175
8073,232
8074,232
8075,232
8076,232
8077,232
8078,214
8079,214
8080,214
8081,214
8082,214
8083,214
8084,214
8085,214
8086,196
8087,196
8088,196
8089,196
8090,196
8091,196
8092,195
8093,195
8094,195
8095,195
8096,178
8097,177
8098,177
8099,177
8100,177
8101,177
8102,176
8103,176
8104,193
8105,193
8106,192
8107,192
8108,192
8109,192
8110,192
8111,192
8112,192
8113,175
8114,175
8115,192
8116,192
8117,192
8118,192
8119,192
8120,192
8121,192
8122,192
8123,192
8124,192
8125,192
8126,192
8127,192
8128,192
8129,192
8130,192
8131,209
8132,209
8133,209
8134,209
8135,209
8136,209
8137,209
8138,209
8139,209
8140,209
8141,209
8142,209
8143,209
8144,226
8145,226
8146,226
8147,226
8148,226
8149,226
8150,226
8151,226
8152,226
8153,226
8154,226
8155,226
8156,226
8157,226
8158,226
8159,226
8160,226
8161,226
8162,226
8163,226
8164,226
8165,227
8166,227
8167,227
8168,227
8169,227
8170,227
8171,227
8172,227
8173,227
8174,227
8175,227
8176,227
8177,227
8178,227
8179,227
8180,227
8181,227
8182,227
8183,227
8184,227
8185,227
8186,227
8187,227
8188,227
8189,228
8190,228
8191,228
8192,228
8193,228
8194,228
8195,245
8196,245
8197,245
8198,245
8199,245
8200,245
8201,245
8202,245
8203,245
8204,245
8205,245
8206,245
8207,245
8208,245
8209,245
8210,246
8211,246
8212,246
8213,246
8214,246
8215,246
8216,246
8217,246
8218,246
8219,246
8220,246
8221,246
8222,246
8223,246
8224,246
8225,263
8226,263
8227,263
8228,263
8229,263
8230,263
8231,264
8232,264
8233,247
8234,247
8235,264
8236,264
8237,264
8238,264
8239,264
8240,264
8241,264
8242,264
8243,264
8244,264
8245,264
8246,264
8247,264
8248,264
8249,264
8250,264
8251,265
8252,265
8253,265
8254,265
8255,265
8256,265
8257,265
8258,265
8259,265
8260,265
8261,265
8262,265
8263,282
8264,282
8265,282
8266,282
8267,282
8268,283
8269,266
8270,266
8271,266
8272,266
8273,266
8274,266
8275,266
8276,266
8277,266
8278,266
8279,266
8280,266
8281,266
8282,266
8283,266
8284,266
8285,249
8286,249
8287,249
8288,249
8289,249
8290,249
8291,249
8292,249
8293,249
8294,249
8295,249
8296,232
8297,232
8298,232
8299,232
8300,232
8301,232
8302,232
8303,232
8304,232
8305,232
8306,232
8307,232
8308,232
8309,232
8310,232
8311,232
8312,232
8313,232
8314,232
8315,232
8316,232
8317,232
8318,232
8319,231
8320,231
8321,231
8322,214
8323,214
8324,214
8325,214
8326,214
8327,214
8328,231
8329,231
8330,231
8331,231
8332,231
8333,231
8334,231
8335,231
8336,231
8337,231
8338,231
8339,231
8340,231
8341,231
8342,231
8343,231
8344,231
8345,231
8346,231
8347,231
8348,231
8349,231
8350,231
8351,231
8352,231
8353,231
8354,231
8355,231
8356,231
8357,231
8358,213
8359,214
8360,214
8361,231
8362,231
8363,231
8364,231
8365,214
8366,214
8367,214
8368,214
8369,214
8370,214
8371,214
8372,214
8373,214
8374,214
8375,214
8376,214
8377,214
8378,214
8379,214
8380,214
8381,214
8382,214
8383,214
8384,213
8385,213
8386,213
8387,213
8388,213
8389,213
8390,213
8391,213
8392,213
8393,196
8394,196
8395,196
8396,196
8397,196
8398,196
8399,196
8400,195
8401,195
8402,195
8403,195
8404,195
8405,195
8406,195
8407,195
8408,195
8409,195
8410,195
8411,195
8412,195
8413,195
8414,195
8415,195
8416,195
8417,195
8418,195
8419,195
8420,194
8421,194
8422,194
8423,194
8424,194
8425,194
8426,177
8427,177
8428,177
8429,177
8430,177
8431,177
8432,177
8433,177
8434,177
8435,177
8436,177
8437,177
8438,177
8439,177
8440,177
8441,177
8442,177
8443,177
8444,177
8445,177
8446,176
8447,176
8448,193
8449,193
8450,193
8451,193
8452,193
8453,193
8454,193
8455,193
8456,193
8457,193
8458,193
8459,193
8460,193
8461,193
8462,193
8463,193
8464,193
8465,193
8466,193
8467,192
8468,192
8469,192
8470,192
8471,192
8472,192
8473,192
8474,192
8475,192
8476,192
8477,192
8478,192
8479,192
8480,192
8481,192
8482,192
8483,192
8484,192
8485,192
8486,192
8487,192
8488,192
8489,192
8490,175
8491,174
8492,174
8493,174
8494,174
8495,174
8496,174
8497,174
8498,174
8499,174
8500,174
8501,174
8502,174
8503,174
8504,174
8505,174
8506,174
8507,174
8508,174
8509,174
8510,174
8511,174
8512,174
8513,174
8514,174
8515,174
8516,174
8517,174
8518,174
8519,174
8520,174
8521,174
8522,174
8523,174
8524,174
8525,174
8526,174
8527,174
8528,174
8529,174
8530,174
8531,174
8532,174
8533,174
8534,174
8535,174
8536,174
8537,174
8538,174
8539,174
8540,174
8541,174
8542,174
8543,191
8544,191
8545,191
8546,191
8547,191
8548,191
8549,191
8550,192
8551,192
8552,192
8553,192
8554,192
8555,192
8556,193
8557,193
8558,193
8559,193
8560,193
8561,193
8562,193
8563,176
8564,176
8565,177
8566,177
8567,177
8568,177
8569,177
8570,177
8571,177
8572,177
8573,194
8574,195
8575,195
8576,195
8577,195
8578,195
8579,195
8580,195
8581,195
8582,195
8583,196
8584,196
8585,213
8586,213
8587,213
8588,213
8589,213
8590,213
8591,214
8592,214
8593,214
8594,214
8595,214
8596,214
8597,232
8598,232
8599,232
8600,232
8601,233
8602,233
8603,233
8604,233
8605,250
8606,250
8607,250
8608,251
8609,251
8610,251
8611,251
8612,251
8613,251
8614,251
8615,251
8616,269
8617,269
8618,269
8619,269
8620,269
8621,270
8622,270
8623,270
8624,270
8625,270
8626,269
8627,286
8628,286
8629,286
8630,286
8631,286
8632,286
8633,286
8634,286
8635,303
8636,303
8637,266
8638,266
8639,266
8640,266
8641,266
8642,266
8643,265
8644,265
8645,265
8646,265
8647,265
8648,264
8649,264
8650,264
8651,264
8652,247
8653,247
8654,263
8655,263
8656,263
8657,263
8658,263
8659,263
8660,263
8661,263
8662,262
8663,262
8664,262
8665,262
8666,262
8667,262
8668,261
8669,261
8670,244
8671,244
8672,244
8673,244
8674,243
8675,243
8676,243
8677,243
8678,243
8679,243
8680,226
8681,226
8682,226
8683,226
8684,226
8685,226
8686,226
8687,209
8688,209
8689,209
8690,209
8691,209
8692,192
8693,192
8694,192
8695,192
8696,192
8697,192
8698,192
8699,192
8700,192
8701,192
8702,192
8703,192
8704,192
8705,192
8706,192
8707,192
8708,193
8709,193
8710,177
8711,177
8712,177
8713,177
8714,177
8715,177
8716,194
8717,195
8718,195
8719,195
8720,195
8721,195
8722,196
8723,196
8724,196
8725,196
8726,214
8727,214
8728,214
8729,214
8730,214
8731,214
8732,214
8733,215
8734,215
8735,232
8736,232
8737,232
8738,232
8739,266
8740,266
8741,266
8742,266
8743,283
8744,265
8745,265
8746,265
8747,265
8748,265
8749,265
8750,264
8751,264
8752,264
8753,264
8754,247
8755,247
8756,247
8757,263
8758,263
8759,263
8760,263
8761,263
8762,263
8763,279
8764,279
8765,262
8766,262
8767,262
8768,262
8769,262
8770,262
8771,261
8772,261
8773,244
8774,244
8775,244
8776,243
8777,243
8778,243
8779,243
8780,243
8781,243
8782,242
8783,242
8784,226
8785,225
8786,225
8787,225
8788,209
8789,209
8790,208
8791,192
8792,192
8793,192
8794,191
8795,191
8796,191
8797,192
8798,174
8799,174
8800,174
8801,174
8802,192
8803,192
8804,192
8805,192
8806,192
8807,192
8808,192
8809,193
8810,193
8811,193
8812,193
8813,177
8814,177
8815,177
8816,177
8817,177
8818,177
8819,177
8820,177
8821,195
8822,195
8823,195
8824,195
8825,195
8826,196
8827,196
8828,196
8829,213
8830,213
8831,213
8832,213
8833,214
8834,214
8835,214
8836,214
8837,214
8838,214
8839,232
8840,232
8841,232
8842,232
8843,232
8844,232
8845,232
8846,232
8847,215
8848,215
8849,215
8850,214
8851,214
8852,214
8853,214
8854,214
8855,214
8856,214
8857,213
8858,213
8859,213
8860,196
8861,196
8862,196
8863,195
8864,195
8865,195
8866,195
8867,195
8868,195
8869,177
8870,177
8871,177
8872,177
8873,193
8874,193
8875,193
8876,193
8877,193
8878,192
8879,192
8880,192
8881,192
8882,192
8883,192
8884,192
8885,192
8886,192
8887,192
8888,192
8889,192
8890,192
8891,192
8892,192
8893,192
8894,193
8895,193
8896,193
8897,193
8898,193
8899,177
8900,177
8901,177
8902,177
8903,177
8904,177
8905,194
8906,195
8907,195
8908,195
8909,195
8910,195
8911,195
8912,196
8913,196
8914,213
8915,214
8916,214
8917,214
8918,214
8919,214
8920,214
8921,214
8922,214
8923,232
8924,232
8925,232
8926,232
8927,232
8928,232
8929,232
8930,214
8931,214
8932,214
8933,214
8934,214
8935,213
8936,213
8937,196
8938,196
8939,196
8940,196
8941,196
8942,196
8943,195
8944,195
8945,195
8946,195
8947,177
8948,177
8949,177
8950,177
8951,177
8952,177
8953,177
8954,176
8955,176
8956,159
8957,159
8958,159
8959,159
8960,175
8961,175
8962,175
8963,175
8964,175
8965,175
8966,174
8967,174
8968,174
8969,174
8970,174
8971,174
8972,174
8973,174
8974,175
8975,175
8976,175
8977,175
8978,175
8979,159
8980,159
8981,159
8982,159
8983,176
8984,176
8985,177
8986,177
8987,177
8988,177
8989,177
8990,194
8991,194
8992,177
8993,195
8994,195
8995,195
8996,195
8997,195
8998,195
8999,195
9000,195
9001,213
9002,213
9003,196
9004,196
9005,213
9006,213
9007,214
9008,214
9009,214
9010,214
9011,214
9012,214
9013,232
9014,232
9015,232
9016,232
9017,232
9018,232
9019,233
9020,233
9021,233
9022,233
9023,233
9024,250
9025,250
9026,251
9027,251
9028,251
9029,251
9030,251
9031,251
9032,251
9033,252
9034,252
9035,269
9036,269
9037,269
9038,269
9039,270
9040,270
9041,270
9042,270
9043,270
9044,287
9045,286
9046,286
9047,286
9048,286
9049,303
9050,303
9051,303
9052,303
9053,303
9054,266
9055,266
9056,266
9057,283
9058,266
9059,266
9060,265
9061,265
9062,265
9063,265
9064,265
9065,264
9066,265
9067,265
9068,265
9069,265
9070,264
9071,264
9072,264
9073,264
9074,263
9075,263
9076,280
9077,280
9078,280
9079,262
9080,262
9081,262
9082,262
9083,262
9084,262
9085,262
9086,261
9087,261
9088,244
9089,244
9090,244
9091,243
9092,243
9093,243
9094,243
9095,243
9096,243
9097,243
9098,243
9099,243
9100,226
9101,226
9102,226
9103,226
9104,209
9105,209
9106,209
9107,209
9108,209
9109,209
9110,209
9111,209
9112,192
9113,192
9114,192
9115,192
9116,192
9117,192
9118,192
9119,192
9120,192
9121,192
9122,159
9123,176
9124,176
9125,176
9126,176
9127,176
9128,176
9129,177
9130,177
9131,177
9132,177
9133,177
9134,177
9135,177
9136,194
9137,194
9138,194
9139,194
9140,194
9141,194
9142,195
9143,195
9144,195
9145,195
9146,196
9147,213
9148,213
9149,213
9150,213
9151,213
9152,214
9153,214
9154,214
9155,231
9156,232
9157,232
9158,232
9159,232
9160,232
9161,158
9162,158
9163,159
9164,159
9165,159
9166,159
9167,159
9168,159
9169,176
9170,177
9171,177
9172,177
9173,177
9174,177
9175,195
9176,195
9177,195
9178,195
9179,196
9180,196
9181,196
9182,196
9183,197
9184,197
9185,214
9186,214
9187,214
9188,214
9189,214
9190,214
9191,215
9192,215
9193,232
9194,232
9195,232
9196,232
9197,232
9198,233
9199,233
9200,233
9201,250
9202,251
9203,251
9204,251
9205,251
9206,251
9207,251
9208,251
9209,252
9210,269
9211,269
9212,269
9213,269
9214,270
9215,270
9216,270
9217,270
9218,270
9219,270
9220,287
9221,287
9222,287
9223,287
9224,286
9225,303
9226,303
9227,304
9228,304
9229,303
9230,303
9231,303
9232,286
9233,286
9234,286
9235,286
9236,286
9237,286
9238,286
9239,286
9240,286
9241,285
9242,285
9243,285
9244,285
9245,285
9246,285
9247,284
9248,267
9249,267
9250,267
9251,266
9252,266
9253,266
9254,266
9255,266
9256,266
9257,266
9258,266
9259,266
9260,266
9261,266
9262,266
9263,266
9264,266
9265,266
9266,249
9267,249
9268,249
9269,249
9270,249
9271,249
9272,249
9273,249
9274,249
9275,249
9276,249
9277,249
9278,249
9279,249
9280,267
9281,267
9282,267
9283,267
9284,267
9285,267
9286,267
9287,267
9288,267
9289,267
9290,267
9291,267
9292,267
9293,267
9294,267
9295,267
9296,267
9297,267
9298,267
9299,267
9300,267
9301,267
9302,267
9303,267
9304,267
9305,267
9306,267
9307,267
9308,267
9309,267
9310,267
9311,267
9312,267
9313,267
9314,267
9315,267
9316,267
9317,267
9318,267
9319,267
9320,267
9321,267
9322,267
9323,267
9324,267
9325,267
9326,267
9327,267
9328,267
9329,267
9330,267
9331,267
9332,267
9333,267
9334,267
9335,267
9336,267
9337,267
9338,267
9339,267
9340,267
9341,267
9342,267
9343,267
9344,267
9345,267
9346,267
9347,267
9348,267
9349,267
9350,267
9351,267
9352,267
9353,267
9354,267
9355,267
9356,267
9357,267
9358,267
9359,267
9360,267
9361,267
9362,267
9363,267
9364,267
9365,267
9366,267
9367,267
9368,267
9369,267
9370,267
9371,267
9372,267
9373,267
9374,267
9375,267
9376,267
9377,267
9378,267
9379,267
9380,267
9381,267
9382,267
9383,267
9384,267
9385,267
9386,267
9387,267
9388,267
9389,267
9390,267
9391,267
9392,267
9393,267
9394,267
9395,267
9396,267
9397,267
9398,267
9399,267
9400,267
9401,267
9402,267
9403,267
9404,267
9405,267
9406,267
9407,267
9408,267
9409,267
9410,267
9411,267
9412,267
9413,267
9414,267
9415,267
9416,267
9417,267
9418,267
9419,267
9420,267
9421,267
9422,267
9423,267
9424,267
9425,267
9426,267
9427,267
9428,267
9429,267
9430,267
9431,267
9432,267
9433,267
9434,267
9435,267
9436,267
9437,267
9438,267
9439,267
9440,267
9441,267
9442,267
9443,267
9444,267
9445,267
9446,267
9447,267
9448,267
9449,267
9450,267
9451,267
9452,267
9453,267
9454,267
9455,267
9456,267
9457,267
9458,267
9459,267
9460,267
9461,267
9462,267
9463,267
9464,267
9465,267
9466,267
9467,267
9468,267
9469,267
9470,267
9471,267
9472,267
9473,267
9474,267
9475,267
9476,267
9477,267
9478,267
9479,267
9480,267
9481,267
9482,267
9483,267
9484,267
9485,267
9486,267
9487,267
9488,267
9489,267
9490,267
9491,267
9492,267
9493,267
9494,267
9495,267
9496,267
9497,267
9498,267
9499,267
9500,267
9501,267
9502,267
9503,267
9504,267
9505,267
9506,267
9507,267
9508,267
9509,267
9510,267
9511,267
9512,267
9513,267
9514,267
9515,267
9516,267
9517,267
9518,267
9519,267
9520,267
9521,267
9522,267
9523,267
9524,267
9525,267
9526,267
9527,267
9528,267
9529,267
9530,267
9531,267
9532,267
9533,267
9534,267
9535,267
9536,267
9537,267
9538,267
9539,267
9540,267
9541,266
9542,266
9543,266
9544,266
9545,266
9546,266
9547,266
9548,266
9549,266
9550,266
9551,266
9552,283
9553,283
9554,283
9555,283
9556,282
9557,282
9558,265
9559,265
9560,265
9561,265
9562,264
9563,264
9564,264
9565,264
9566,247
9567,263
9568,263
9569,263
9570,280
9571,280
9572,280
9573,280
9574,280
9575,280
9576,262
9577,262
9578,262
9579,262
9580,262
9581,261
9582,261
9583,261
9584,244
9585,244
9586,243
9587,243
9588,243
9589,243
9590,243
9591,243
9592,243
9593,226
9594,226
9595,226
9596,226
9597,208
9598,209
9599,209
9600,209
9601,192
9602,192
9603,192
9604,192
9605,192
9606,192
9607,192
9608,192
9609,192
9610,192
9611,175
9612,175
9613,175
9614,175
9615,175
9616,175
9617,174
9618,191
9619,192
9620,192
9621,192
9622,192
9623,192
9624,192
9625,192
9626,192
9627,192
9628,192
9629,192
9630,192
9631,192
9632,193
9633,193
9634,193
9635,176
9636,176
9637,177
9638,177
9639,177
9640,177
9641,177
9642,195
9643,195
9644,195
9645,195
9646,195
9647,195
9648,195
9649,196
9650,213
9651,213
9652,213
9653,213
9654,214
9655,214
9656,214
9657,214
9658,214
9659,214
9660,215
9661,215
9662,232
9663,232
9664,232
9665,232
9666,232
9667,266
9668,266
9669,266
9670,265
9671,265
9672,265
9673,265
9674,265
9675,265
9676,265
9677,265
9678,264
9679,264
9680,264
9681,264
9682,264
9683,264
9684,264
9685,246
9686,246
9687,246
9688,246
9689,247
9690,247
9691,247
9692,230
9693,230
9694,230
9695,230
9696,230
9697,214
9698,214
9699,214
9700,214
9701,213
9702,213
9703,213
9704,213
9705,213
9706,213
9707,195
9708,195
9709,195
9710,195
9711,194
9712,194
9713,194
9714,194
9715,177
9716,177
9717,177
9718,176
9719,176
9720,176
9721,176
9722,176
9723,176
9724,176
9725,159
9726,158
9727,158
9728,175
9729,175
9730,174
9731,174
9732,174
9733,174
9734,174
9735,174
9736,174
9737,174
9738,174
9739,175
9740,175
9741,175
9742,175
9743,175
9744,159
9745,159
9746,159
9747,160
9748,177
9749,177
9750,177
9751,177
9752,177
9753,177
9754,177
9755,177
9756,194
9757,194
9758,195
9759,195
9760,195
9761,195
9762,195
9763,195
9764,195
9765,196
9766,213
9767,213
9768,213
9769,214
9770,214
9771,214
9772,214
9773,214
9774,214
9775,214
9776,232
9777,232
9778,233
9779,233
9780,233
9781,250
9782,250
9783,250
9784,250
9785,250
9786,251
9787,251
9788,251
9789,251
9790,251
9791,252
9792,252
9793,252
9794,252
9795,252
9796,270
9797,270
9798,270
9799,270
9800,270
9801,269
9802,269
9803,286
9804,286
9805,286
9806,286
9807,287
9808,287
9809,304
9810,304
9811,266
9812,266
9813,266
9814,266
9815,266
9816,266
9817,265
9818,265
9819,265
9820,265
9821,265
9822,265
9823,265
9824,264
9825,264
9826,264
9827,247
9828,247
9829,247
9830,247
9831,247
9832,247
9833,247
9834,230
9835,230
9836,231
9837,231
9838,231
9839,231
9840,214
9841,214
9842,214
9843,214
9844,214
9845,214
9846,197
9847,197
9848,196
9849,196
9850,196
9851,195
9852,195
9853,195
9854,195
9855,178
9856,178
9857,178
9858,177
9859,177
9860,177
9861,177
9862,176
9863,176
9864,176
9865,176
9866,176
9867,193
9868,193
9869,192
9870,192
9871,192
9872,192
9873,192
9874,192
9875,175
9876,193
9877,193
9878,193
9879,193
9880,193
9881,193
9882,193
9883,193
9884,177
9885,177
9886,177
9887,177
9888,194
9889,194
9890,194
9891,195
9892,195
9893,195
9894,195
9895,213
9896,213
9897,213
9898,213
9899,213
9900,214
9901,214
9902,214
9903,214
9904,231
9905,232
9906,232
9907,232
9908,232
9909,232
9910,232
9911,232
9912,232
9913,232
9914,232
9915,232
9916,232
9917,232
9918,232
9919,232
9920,232
9921,232
9922,232
9923,232
9924,232
9925,232
9926,214
9927,214
9928,214
9929,214
9930,214
9931,214
9932,214
9933,214
9934,214
9935,197
9936,197
9937,196
9938,196
9939,196
9940,195
9941,195
9942,195
9943,195
9944,195
9945,195
9946,194
9947,194
9948,177
9949,177
9950,177
9951,177
9952,176
9953,193
9954,193
9955,193
9956,193
9957,193
9958,193
9959,193
9960,192
9961,192
9962,192
9963,192
9964,192
9965,191
9966,191
9967,174
9968,174
9969,191
9970,191
9971,191
9972,191
9973,191
9974,192
9975,192
9976,192
9977,192
9978,192
9979,192
9980,176
9981,176
9982,176
9983,176
9984,176
9985,176
9986,177
9987,177
9988,177
9989,177
9990,177
9991,194
9992,194
9993,194
9994,194
9995,194
9996,195
9997,195
9998,195
9999,196
10000,179
10001,179
10002,179
10003,179
10004,163
10005,163
10006,163
10007,193
10008,193
10009,176
10010,176
10011,177
10012,177
10013,177
10014,177
10015,177
10016,177
10017,177
10018,177
10019,194
10020,194
10021,195
10022,195
10023,195
10024,195
10025,196
10026,196
10027,213
10028,213
10029,213
10030,213
10031,213
10032,213
10033,213
10034,213
10035,214
10036,214
10037,214
10038,214
10039,214
10040,232
10041,232
10042,232
10043,232
10044,232
10045,232
10046,232
