TrajID,Longitude,Latitude
0,121.20952049081582,31.29892349275986
0,121.21667741059892,31.29925106537283
0,121.22045711033877,31.2954206507751
0,121.22149587483453,31.295783396352473
0,121.22274717902725,31.296898184124274
0,121.22290889834008,31.296908508691146
0,121.22241333002307,31.29740621179967
0,121.22270854547604,31.296765143514847
0,121.22240851097084,31.29650557982729
0,121.22260637435453,31.296475817051032
0,121.22090019466107,31.296821374791765
0,121.2221428272146,31.297447638807277
0,121.22192618443933,31.297519343005042
0,121.2219542505901,31.29644732061809
0,121.22220592068929,31.297336274002017
0,121.22270146773775,31.29602893715675
0,121.22086134009594,31.295132087284657
0,121.22253421134717,31.29641626020037
0,121.22248750321235,31.2941776780276
0,121.22103294950195,31.293502026602948
0,121.22159512639477,31.294352292690146
0,121.22219534211685,31.295294627071893
0,121.2201499618984,31.294087353837245
0,121.21974473607544,31.29308423991151
0,121.22010630601312,31.293605550653833
0,121.22085711887553,31.2940627314745
0,121.2223588969256,31.294769696451787
0,121.22184144662587,31.294963791144237
0,121.22341111377281,31.2968320180537
0,121.22296756598769,31.295907093527727
1,121.2083917057724,31.299198498285914
1,121.21638601306009,31.29947535706439
1,121.22094433938115,31.29594808135541
1,121.22211892849258,31.295900729796347
1,121.22281283605194,31.29683787255816
1,121.22278843991573,31.29710845136228
2,121.20825477722389,31.300325529937
2,121.21652433325659,31.301445152648476
2,121.22181419473453,31.297411131486374
2,121.22249134320717,31.296184478885685
2,121.22326040366963,31.29681711150784
2,121.22314617672868,31.29680007523198
2,121.22326971121079,31.296767777689556
2,121.22326228682077,31.29664709308351
3,121.20734992029051,31.29822461879217
3,121.21577408712923,31.29835265344138
3,121.221569198673,31.29516202901832
3,121.22229723298547,31.29575450454802
3,121.22307887080386,31.29587947085054
3,121.22334532673696,31.296563295300004
3,121.22338953257824,31.296926411449423
3,121.2232235602771,31.296826720067948
3,121.22351206181244,31.29702735615974
4,121.20706441208068,31.299177317103975
4,121.21555745442188,31.30181340070636
4,121.22093739870438,31.296472444804966
4,121.22201669825535,31.296364897480522
4,121.22302995860197,31.297371096642717
4,121.22330861215615,31.29705785360227
4,121.22332754589124,31.29725539160043
4,121.22287531136703,31.297308345427556
4,121.22288574477913,31.29797800698076
4,121.22254008211003,31.297158975017105
4,121.22186271519014,31.296362541638587
4,121.22252032281192,31.296248151977924
4,121.22199323291485,31.297046230295873
4,121.22294036896595,31.29673923797845
4,121.22270336627332,31.29669368982775
4,121.22316516100572,31.296560425007865
4,121.22287013359876,31.296097851555476
4,121.22309024499579,31.296179654640756
4,121.22290802369405,31.29606739752645
4,121.22279797819091,31.295915952153226
5,121.20817695325286,31.29615659032865
5,121.21195917327846,31.30597560903028
5,121.21958716725811,31.300575643748868
5,121.22092673079592,31.29996612469113
5,121.22194217425769,31.30110938552324
5,121.22195083724205,31.302098196198553
5,121.2217493157872,31.302317492002416
5,121.22192209920533,31.302129799615386
5,121.22202446109964,31.3020162074972
5,121.22183095186182,31.30173202070675
5,121.22171363283314,31.30157791473675
5,121.22173386244216,31.301835753220775
5,121.22169590802585,31.30147835700987
5,121.22173873227554,31.301374879196107
5,121.22188279776707,31.300514214500282
5,121.22199599913674,31.300195955331404
5,121.22241277806087,31.30011170761226
5,121.22163287254315,31.299729037234993
5,121.22128753436719,31.300300313902397
5,121.2221757363101,31.300631473613866
5,121.2211521657527,31.300463153931958
5,121.22033870782964,31.298887032925766
5,121.22090250768198,31.29785567941983
5,121.22079232159132,31.29575426844599
5,121.22081577959109,31.296175439100683
5,121.22026755633048,31.29699660679858
5,121.21895757930174,31.296709180458624
5,121.21733160661847,31.296492301393684
5,121.21642966219483,31.29635768258254
5,121.21633151387059,31.294403113934184
5,121.21612089332099,31.296082554204673
5,121.21823829477864,31.29573269598059
5,121.21786196732221,31.295211600924308
5,121.22028962629376,31.29752486185922
5,121.22151022409285,31.29951231073316
5,121.22152606060317,31.299854147696397
5,121.22152891100708,31.300077052415592
5,121.2216785565285,31.299936405939214
5,121.2219022006269,31.29957226546806
5,121.22116234099201,31.297271693216565
5,121.22014052004856,31.296775748540366
5,121.21888265237226,31.295629718518192
5,121.21780799673837,31.293626990758188
5,121.21638504617796,31.293435926511616
5,121.21801929907382,31.288891972108765
5,121.21765833410132,31.292571996301934
5,121.21819873880895,31.293459473061546
5,121.21758116314636,31.2935761715212
5,121.21819791509374,31.294209254398087
5,121.21981332565893,31.295553205433258
5,121.21985982481792,31.295493146890944
5,121.22037605844884,31.295495241910945
5,121.22094501759726,31.29530441609041
5,121.2211254666513,31.29515311269258
5,121.22034772951439,31.295572987086267
5,121.2198563761656,31.29615856296297
5,121.22027589280408,31.296084887563342
5,121.21967459445516,31.294601785673382
5,121.21928841436186,31.294188435982218
5,121.22016484373607,31.29618399950243
5,121.22153685813545,31.29690505774843
5,121.22208043496408,31.295983915119283
5,121.22220248298387,31.295376978198433
5,121.22184423496495,31.29485326423781
5,121.22129261689466,31.29579187887633
5,121.22104755260344,31.295214855213654
5,121.2214540619844,31.296049985360515
5,121.21899473674091,31.29502859073067
5,121.21982815502307,31.298866019003228
5,121.22052861866472,31.301450240757017
5,121.22048068944473,31.301371080968124
5,121.21999294848845,31.302314791096748
5,121.22019834359153,31.303155410045505
5,121.2211313834697,31.30241417831831
6,121.20798086674533,31.29798619652692
6,121.21645912663428,31.301541486388366
6,121.22200568480687,31.29629358240735
6,121.22325522350688,31.296147975315304
6,121.22424310796247,31.29746868680665
6,121.2241417482144,31.297659331372277
6,121.2221459541254,31.29665233952028
6,121.22202606182574,31.296406522213683
6,121.22121898197388,31.293789992636043
6,121.22109340977339,31.29401808119802
6,121.22138836871818,31.294000004404722
6,121.22221628766445,31.294344332735836
6,121.22314107625654,31.29492202563364
6,121.22333343723946,31.295652631327567
6,121.22378059814548,31.295291769434705
6,121.22390004863685,31.29531011140906
6,121.2236919935183,31.29550967078982
6,121.22325029410369,31.295465249815127
6,121.22320810497732,31.295693998049565
6,121.22291522151575,31.295351021626068
6,121.22230293746604,31.29490228297281
6,121.22198981362699,31.294532670451193
6,121.22230351508179,31.29479580912132
6,121.22236209509025,31.29465921711694
6,121.22250198115613,31.294807080271003
6,121.22279556365173,31.295753401535062
6,121.2231336420758,31.29644995440049
6,121.22343949198927,31.2967628231472
6,121.2233820667892,31.29656396296273
6,121.22308365154211,31.296188752386865
6,121.22299822569167,31.296132768911974
6,121.2227546349725,31.296474942691155
6,121.22269524050353,31.296442476952237
6,121.22267750274688,31.296418008849805
6,121.22268264423853,31.296506657650976
6,121.22266883075348,31.296590552313965
6,121.22255050445267,31.296798842583172
6,121.22275910470789,31.29698450623714
6,121.22285368623778,31.29686975316503
6,121.22284588638212,31.29654842899542
6,121.22320233176447,31.296274452581404
6,121.22316340526913,31.296502934253045
6,121.2233112792154,31.296212082982702
6,121.22332897894765,31.296311728276777
6,121.22330907839661,31.296245155249284
6,121.22351532786868,31.296523568093786
6,121.22346233078953,31.29603205205032
6,121.223501414977,31.295678982317796
6,121.2231629959092,31.294744469238186
6,121.22268900501014,31.29338683399637
6,121.22233044433013,31.292841384898036
6,121.22205905920067,31.29262813066978
6,121.22172959001868,31.292751141855494
6,121.2215141274752,31.292217156002657
6,121.22168923084874,31.292041971427693
6,121.2220680954068,31.292620801865713
6,121.22238162454347,31.292704496118642
6,121.22240366362516,31.292487854370425
6,121.22028251835133,31.29361563345712
6,121.22190333837828,31.296358770326638
6,121.2221604750489,31.297462582734717
6,121.2228161280962,31.29754037310363
6,121.22190502298659,31.29923897445143
6,121.22378761309815,31.298303677275296
6,121.2233056729323,31.29708078889449
6,121.22301852903583,31.296426121980897
6,121.22190118111048,31.29476641291676
6,121.22229320491985,31.294338425145103
7,121.20793547496935,31.290017909266894
7,121.20664449794359,31.29112874914558
7,121.20605204489861,31.290898896639845
7,121.20573003666945,31.29147169200841
7,121.20561635097658,31.29036550040503
7,121.20566051849003,31.291194088439973
7,121.20558448882585,31.29227037034787
7,121.20559052773798,31.291666769202095
7,121.2056667714563,31.291188170497772
7,121.20573896185,31.29245057226445
7,121.2057812293794,31.292610655098215
7,121.2056115058723,31.292338677636103
7,121.20569174926719,31.29272914212005
7,121.20569604597753,31.292882111205024
7,121.20572261458823,31.29301592838034
7,121.2057154258975,31.293035409834697
7,121.20571709175294,31.293055980724766
7,121.20569635088361,31.293087611865186
7,121.20570889637047,31.293062633193678
7,121.20571366559872,31.29303658783807
7,121.20569821811588,31.292962875055444
7,121.20569154946871,31.292956899548454
7,121.20566550065894,31.292854113347634
7,121.20566824684285,31.29295119333723
7,121.20562191518535,31.292841201601735
7,121.2056094702438,31.292702586189773
7,121.2056949135491,31.292938731467153
7,121.20569024895673,31.29301360480866
7,121.20562120205427,31.2930936481164
7,121.20563057483454,31.293126788035487
7,121.20571132009366,31.293184121237847
7,121.20567048320517,31.292875243487213
7,121.20563569197523,31.2923778915022
7,121.20586707537996,31.29281989589547
7,121.2057392529653,31.292425509010013
7,121.20578555265598,31.29236292055551
7,121.20578678438213,31.292156263197345
7,121.20575997381724,31.292310346155368
7,121.20573509141332,31.29242695463669
7,121.20571687370136,31.29241460211702
7,121.20575670228668,31.29255531005723
7,121.20575906445391,31.29242639585798
7,121.20575476425722,31.292318016543323
7,121.20574936632639,31.29235752559146
7,121.20574476255422,31.292322288890936
7,121.20575743141006,31.29243515180928
7,121.20575860384935,31.29211324808837
7,121.20579379906964,31.2920357469416
7,121.20579841988155,31.291817762887735
7,121.20580468774578,31.291378686964034
7,121.20588627210978,31.291295893573988
7,121.20594519533142,31.29127952679466
7,121.20594488543196,31.291300211238422
7,121.20587008984386,31.290374083820126
7,121.2059537087553,31.2897540436716
7,121.20606462191249,31.290465367621113
7,121.2059731385024,31.29115311589148
7,121.20591062425609,31.29162191198527
7,121.20577300589093,31.29199908703293
7,121.20579203704995,31.2927269614465
7,121.20571163544447,31.292757685620874
7,121.20571896698654,31.292839796137578
7,121.20563613572754,31.292198382611787
7,121.20570120295014,31.291568508957937
7,121.20597057806941,31.29272965996006
7,121.2056735986608,31.292219686392176
7,121.20559952022265,31.292321704505085
7,121.20558202200203,31.292227755740626
7,121.20572647328974,31.29295747068716
7,121.20561542643689,31.292902217807622
7,121.20566551886891,31.292908522676782
7,121.20543413969102,31.291275494920843
7,121.20562410397135,31.291602518794043
7,121.20566492026437,31.292996584996295
7,121.2056833500733,31.293074209994316
7,121.20546371048945,31.292770912239053
7,121.2055984393762,31.29319857811824
7,121.20569757250931,31.293371485768116
7,121.20568466010047,31.293142547278617
7,121.20561489290199,31.293001189682883
7,121.20565978260159,31.292991969043246
7,121.20564021991392,31.292971417804022
7,121.20560930827133,31.2929934844667
7,121.20553779109484,31.29286792274726
8,121.20889298979543,31.29966767311378
8,121.21656856732034,31.300236172054202
8,121.22138153627805,31.29587645569861
8,121.22226463178268,31.295270508465123
8,121.22310212607421,31.295870790944775
8,121.22309645428543,31.29576415373772
8,121.2230437054079,31.295849600422535
8,121.22293426132906,31.295692151161834
8,121.22310324687325,31.29624488700446
8,121.22301234277154,31.295423317251505
8,121.2231842146297,31.29530615069813
8,121.22094291944296,31.294257710675733
8,121.22058374348278,31.295404372890825
8,121.22040031571893,31.297814616905878
8,121.21967775457605,31.298199702776632
8,121.21851113956913,31.298753523543542
8,121.21921794013937,31.298596629604052
8,121.22124122850877,31.298817012826422
8,121.22099619649116,31.297355967707933
8,121.2218058223294,31.29796337891958
8,121.22278752116083,31.298534275601554
8,121.22193723496817,31.297597143285028
8,121.22123681126368,31.297937026038866
8,121.22038235268134,31.297439871259517
8,121.22000735092668,31.2979818389312
8,121.22108512676895,31.2985112491195
8,121.2226284161825,31.299856273497813
8,121.22273634237149,31.300764278981337
8,121.22260187335749,31.30111314454017
8,121.22277469717015,31.302280066398165
8,121.22192363921752,31.30036729243114
8,121.22255351940828,31.300097072527972
8,121.22176688487296,31.29934774426021
8,121.22119509594029,31.29887658915239
8,121.22052781575937,31.298371473749835
8,121.22141933129933,31.29960153416414
8,121.22180722351372,31.29916967332266
8,121.22238420214994,31.299716958653864
8,121.22230960101739,31.30103122458985
8,121.2220929049311,31.301087763143173
8,121.22208383051962,31.301818789483
8,121.22124494019462,31.30132687261164
8,121.22206059302309,31.300335750832463
8,121.22151930230952,31.29919102063514
8,121.22221400463614,31.297964442831628
8,121.22173325313359,31.2966547194357
8,121.22172548074671,31.29526934753493
8,121.22079971570905,31.294777518359005
8,121.22064465439848,31.29485673876216
8,121.22088541064218,31.294985079795396
8,121.22069832090367,31.2948207208766
8,121.22058666042132,31.29476566227761
8,121.22042382570878,31.294740570921967
8,121.22006153688417,31.295511837594226
8,121.22116342036301,31.295885179428335
8,121.22155907484108,31.296462748546258
8,121.22217530793522,31.296072700850893
8,121.22242577096982,31.296838587218524
8,121.2233233253058,31.296939012631665
9,121.20882994282704,31.29295989734668
9,121.20638406749862,31.29236087262536
9,121.20586473013489,31.29271274021148
9,121.20570860348313,31.292654541119933
9,121.20563839793893,31.29268922375147
9,121.20565820921034,31.29268504725626
9,121.20564933879415,31.292572955057118
9,121.2056603379514,31.292661227653596
9,121.20553377880874,31.291607707072146
9,121.20554156763255,31.291378247215093
9,121.20570458051856,31.292546713525134
9,121.20567505624531,31.292424106092597
9,121.20535137787506,31.292171136755584
9,121.20554479499893,31.292612145708052
9,121.20562820966006,31.292551066825524
9,121.20557252039987,31.292711283972576
9,121.20563833834872,31.29275518002593
9,121.20570976073448,31.2928890250988
9,121.20558396878698,31.292670375974538
9,121.20560913538048,31.292664082947663
9,121.20561239968343,31.292849579073376
9,121.20569175371782,31.29307805960018
9,121.20554057603853,31.29253248178113
9,121.20558401928287,31.29261403547917
9,121.20558569193162,31.29245626673125
9,121.20560344327846,31.29235981765738
9,121.20554849486942,31.292241125173874
9,121.20559334490177,31.29260100916995
9,121.20552382067103,31.29277190877189
9,121.20552046456972,31.29282989621469
9,121.20569679097814,31.29307462211217
9,121.20560686798828,31.292159472284116
9,121.20573818132127,31.292547649800884
9,121.20571475771655,31.291966958758255
9,121.20578519932249,31.292175356867663
9,121.20578383082244,31.29160207425265
9,121.2057322929653,31.291609732530045
9,121.20568714371588,31.291802486171296
9,121.20569279019942,31.292099638670518
9,121.20574221794624,31.292616016103644
9,121.20565791002687,31.292616934425222
9,121.20559962629822,31.292832532743184
9,121.20565123962083,31.2928677813564
9,121.20561194688541,31.292654013688605
9,121.20559358590074,31.292612550087522
9,121.20551581194016,31.292432646979826
9,121.20558923821726,31.292674511613697
9,121.2055999974661,31.29274570268757
9,121.2056654375556,31.292937557229667
9,121.20568585455158,31.293100224914983
9,121.20572837050388,31.29312071743161
9,121.2057207564409,31.293054375822962
9,121.20570806799375,31.293137998971055
9,121.20569178855254,31.29298581699058
9,121.20566807730263,31.293012018332597
9,121.20565046863412,31.292916045071713
9,121.20556953498324,31.29229779532692
9,121.20569591958485,31.292830454952796
9,121.20567741230751,31.292791576899738
9,121.2056625187081,31.29286253879267
9,121.2055711540008,31.292670640628792
9,121.20566438211542,31.292879937189568
9,121.20567870134988,31.29283665431599
9,121.20569009211862,31.29285034185178
9,121.20569719195063,31.29281891910958
9,121.20569260199694,31.29284165615282
9,121.20568975884919,31.292890846845353
9,121.20567910607042,31.292889284363127
9,121.20567361236643,31.292894807618925
9,121.20567204992089,31.29286896797744
9,121.20565784643185,31.292866273469535
9,121.2056583498231,31.2927792866375
9,121.2056455030006,31.292659083345193
9,121.20566872825445,31.292549852508717
9,121.20562120428224,31.292423002124842
9,121.20562178435083,31.29206016960181
9,121.20570970164098,31.292253361920682
9,121.2056094507518,31.291143203186646
9,121.20566767908483,31.290704829523595
9,121.20564645713904,31.290273942079647
9,121.20577115903002,31.290540657556225
9,121.20547400293722,31.29112970515162
9,121.20549351548739,31.292176216604275
9,121.20546221079903,31.292427709451534
10,121.20642011330989,31.284737252884067
10,121.20687503818495,31.284473220599008
10,121.20775307679975,31.285208690548554
10,121.20787309184412,31.285053955106246
10,121.20753130620082,31.284958452209338
10,121.20643939388616,31.28516923991274
10,121.20508233494226,31.286038511882683
10,121.20484557175288,31.286334730219213
10,121.20483666367656,31.28642537304203
10,121.20480674696528,31.286454959082192
10,121.20496344235809,31.28619550402483
10,121.20661615790183,31.2854229733743
10,121.20678541410449,31.285278570110655
10,121.20667442383741,31.285353524948004
10,121.20712641133304,31.285171604197412
10,121.20632823617291,31.28522042309274
10,121.20533495346449,31.286013955796896
10,121.20487407790718,31.286356872611346
10,121.20487057334951,31.28642139230277
10,121.20481767141382,31.2864795351973
10,121.20480594062798,31.286470833178186
10,121.20479462812118,31.286523119540423
10,121.20490105947785,31.286280509717855
10,121.20517686481625,31.28610923793534
10,121.2054238459671,31.285942806413747
10,121.20573619686962,31.285769877809557
10,121.20562055627015,31.285846628627226
10,121.20553730760363,31.285893317596013
10,121.20577245999603,31.285700786958856
10,121.2058726841674,31.285593831078028
10,121.20595189920866,31.28548833103285
10,121.20580541099417,31.28556896224203
10,121.20624675041064,31.2853084546578
10,121.20664008090647,31.285005913253055
10,121.20673409373569,31.284971552176888
10,121.2062588999292,31.285306199927177
10,121.20603234584992,31.28543113316209
10,121.20598191724436,31.28547828751404
10,121.20600123512894,31.285467129506127
10,121.20601862654388,31.2854534869747
10,121.20603437940966,31.285439332057244
10,121.20621570730025,31.285278929108244
10,121.20679749952194,31.2848861024469
10,121.20673567031564,31.284986442144138
10,121.20670177228101,31.285090774029324
10,121.20566149690173,31.28603174535476
10,121.20517383450236,31.286229265582545
10,121.20490009383904,31.286430559244767
10,121.20484309541504,31.286536524253105
10,121.20500468236779,31.28623359897936
10,121.20540124224911,31.285909195433412
10,121.20597310401247,31.28543578756684
10,121.20623237656122,31.285295003976707
10,121.20636389390651,31.28525560854705
10,121.20621121814996,31.285456496740217
10,121.20641273453455,31.285385934674455
10,121.20654183311724,31.285402454192045
10,121.20652099280912,31.28513250692365
10,121.20630377370382,31.285296520340726
10,121.20654024363027,31.28513803057997
10,121.20673563735137,31.285019830466567
10,121.2070297322106,31.28488056386207
10,121.20641551657792,31.285286135967752
10,121.2059660416651,31.285550818219267
10,121.2058872209241,31.285551354045445
10,121.2058459527866,31.285545725708687
10,121.20608274834849,31.28538269371637
10,121.20631811369515,31.2852341259597
10,121.2065412406554,31.285062035701756
10,121.2067184169927,31.284911303842573
10,121.20682923872567,31.284949660155284
10,121.20678554260364,31.28520832559426
10,121.2062549344479,31.285234865444487
10,121.20582259734503,31.285588265414418
10,121.20576824680774,31.28561266605669
10,121.205460419232,31.285742674590356
10,121.2054917328886,31.285753037954258
10,121.20555547445521,31.28576413426543
10,121.20573220397985,31.285627724352715
10,121.2058660085375,31.28550958824727
10,121.2058687567456,31.28552391564875
10,121.20589965563133,31.285542322019946
10,121.20642830226886,31.28535977801274
10,121.20688107090736,31.284875998985754
10,121.20692124187107,31.285049748057833
10,121.20739223774706,31.28510350181949
10,121.20709631373849,31.285421795403927
10,121.20645132171042,31.285443063940743
10,121.20602868455602,31.285576877303487
10,121.20610192751911,31.285561602370077
10,121.20593337520314,31.2855270739957
10,121.20606812700692,31.285497347667356
10,121.20605816424907,31.28549382466184
10,121.20620202289304,31.28541467662464
10,121.20621980337827,31.285486097845986
10,121.20639417195515,31.285297393962114
10,121.2065744032007,31.285183009428536
10,121.20701355558573,31.28485268518241
10,121.20802436114478,31.28429876579202
10,121.20686932325393,31.28509957577307
10,121.2060285884476,31.285515780894613
10,121.20641277723587,31.285461370716547
10,121.20582178631092,31.28559953309746
10,121.2059359420096,31.285522625778366
10,121.20593666936264,31.285571515275098
10,121.20572248049066,31.285693664823604
10,121.20580807397477,31.285661019029913
10,121.20576820075247,31.285731161433706
10,121.20589219385491,31.285892250125535
10,121.20577166556286,31.285827510498983
10,121.20607146181639,31.285948370321066
10,121.20623048392532,31.285924856096873
10,121.20641966621248,31.285997747354532
10,121.20661950418929,31.286113615387656
10,121.20649031471918,31.286188435386514
10,121.20634731585596,31.286113447920563
10,121.20623301912838,31.286002876792104
10,121.2060422334286,31.285337916312038
10,121.20655958870809,31.285121262005884
10,121.2069070204685,31.285176245760592
10,121.20751030103028,31.284515710492283
10,121.20905868527751,31.285981434629374
10,121.21022926626463,31.287930723016995
10,121.21079391965199,31.28874443283168
10,121.20932088453534,31.289409442674305
10,121.2097772939326,31.289653960157878
10,121.21071009689989,31.289988308619066
10,121.21056513744858,31.289879362772144
10,121.2096633715644,31.28941530508214
10,121.2094363115796,31.28879522583311
10,121.20773624419665,31.287289717419824
10,121.20657967734303,31.286257035953863
10,121.20619175711167,31.28577596761636
10,121.2069466171505,31.28599263847598
10,121.20721541059942,31.28574765335781
10,121.20937244936364,31.2852952631564
10,121.21170499296852,31.285361685428505
10,121.21281525747757,31.285132257384415
10,121.21346630704753,31.284101817063718
10,121.21342229613722,31.284680381409327
10,121.20895349168241,31.285573169591338
10,121.20643398759553,31.285685522288144
10,121.20596005957049,31.285799093068924
10,121.20685369337376,31.285975605956214
10,121.20888168800793,31.28701939461736
10,121.21266771355035,31.288979903010702
10,121.21358711787397,31.289860351415637
10,121.21381993626721,31.290360333916716
10,121.21341141200435,31.29010912595609
10,121.21142667916425,31.288207816917375
10,121.20841199564487,31.28533849150034
10,121.20689368346692,31.28493441459566
10,121.20691067172976,31.285366603681272
10,121.20705498087071,31.28557644829361
10,121.20781275485265,31.285143627267917
10,121.20825880286313,31.284474137119
10,121.20793055834679,31.28488961621771
10,121.20769485891759,31.285450266610432
10,121.20735401256402,31.28516681726236
10,121.20769904212693,31.284460473620623
10,121.20841926151996,31.287505350756902
10,121.20607453031838,31.2855133301705
10,121.20722859747681,31.28481338014209
10,121.20653775304413,31.285149289840287
10,121.2068056989271,31.284974462433034
10,121.20743988088861,31.284862337326864
10,121.20768578717839,31.28441575429822
10,121.20669446452746,31.285001890176268
10,121.20786225010279,31.28406868118077
10,121.20792073919897,31.283943700162595
10,121.20758760286161,31.284304761443558
10,121.2114506743959,31.283235584337085
10,121.21050266485831,31.283297103568895
10,121.20813639117021,31.28439236720112
10,121.20660020726363,31.285168317325898
10,121.20547798508645,31.285937358083693
10,121.20519637480992,31.286135368251788
10,121.20592053099743,31.285738757783353
10,121.20654233590618,31.285461500127
10,121.20670643665618,31.28539139444222
10,121.20672722252765,31.285288789944833
10,121.20672700303172,31.2851213660539
10,121.20653280257241,31.285071734687136
10,121.2064088168017,31.28511862333695
10,121.20634812254438,31.285214453727768
10,121.20635355991367,31.285214835731168
10,121.20647040274788,31.285107316227844
10,121.20652613588842,31.28504465678392
10,121.20651206253625,31.285059076298865
10,121.20646153871401,31.285115046385442
10,121.20641573098932,31.285163651480723
10,121.20633614360453,31.28521635691721
10,121.20630738803308,31.28523696764245
10,121.20628017892224,31.285254619660826
10,121.20625065152257,31.2852743223589
10,121.20624333479498,31.285281198539256
11,121.21168295424354,31.286956815424585
11,121.20907314041125,31.284429139040743
11,121.20775938803575,31.284846666256517
11,121.20618416804771,31.28557573790392
11,121.20592296213582,31.285624511810973
11,121.2057209380866,31.285677328152406
11,121.20563440850279,31.285773493561628
11,121.20563865468611,31.28574923882769
11,121.20565336116523,31.285754910507844
11,121.2056642417078,31.28574322518614
11,121.20584004069859,31.285609103901404
11,121.2058425243996,31.285622292439438
11,121.20569779161178,31.28575327769072
11,121.20557375643656,31.285791178493206
11,121.20542702871363,31.285845142544208
11,121.2055081016435,31.2857686359911
11,121.20572521853812,31.285831682835667
11,121.20591634833525,31.285687395601023
11,121.2059686173169,31.28565816380069
11,121.20602968791778,31.28558453422915
11,121.206035416857,31.285540710232343
11,121.20602330526243,31.285497312751506
11,121.2061577973593,31.285412513213554
11,121.20619297132286,31.28542435059565
11,121.20612496262338,31.28547589726622
11,121.20607373571683,31.28552029150205
11,121.20592299304374,31.285594230945954
11,121.20618176714956,31.285356526306206
11,121.20586608412339,31.285710058200312
11,121.20680186780513,31.285263256868884
11,121.2075205901766,31.285104378558756
11,121.20765289439481,31.284922045645345
11,121.20574353326795,31.285542311042207
11,121.20506876568201,31.28631287470116
11,121.20497409100749,31.286477116943445
11,121.20516152363811,31.286290960383557
11,121.20515816770612,31.286179644274593
11,121.20549409124428,31.285546255707377
11,121.20565842760652,31.28571871389767
11,121.20525096852886,31.28594880185175
11,121.2055550600188,31.28573659723122
11,121.20552736252391,31.285751021579852
11,121.20534283189002,31.28584975820519
11,121.20554270561783,31.285767678957306
11,121.2059105628122,31.285943209531904
11,121.20647151958023,31.286117166690996
11,121.206372903187,31.286149302617744
11,121.20635275121799,31.286306193299296
11,121.20577030924524,31.28604855174153
11,121.2055596782568,31.285932448805543
11,121.20551932899683,31.28586635411854
11,121.2055635237402,31.28584371307078
11,121.20525249645303,31.28603945464472
11,121.20510001782515,31.286135862205114
11,121.20499377896321,31.28621108073104
11,121.20494053115736,31.286271636977016
11,121.20491604581763,31.286306145698855
11,121.20497925608163,31.28623621202156
11,121.20507458091087,31.286115372049327
11,121.20546094394616,31.28578585710784
11,121.2056852515274,31.28560897800766
11,121.20588975696752,31.285495344843344
11,121.20599808534519,31.285603387159938
11,121.20588989946464,31.285844502908358
11,121.20578457325092,31.285872598640015
11,121.20542758032187,31.286002193420867
11,121.20529003026891,31.28604082223863
11,121.20524182793692,31.286001206662643
11,121.2054565076794,31.285843893805616
11,121.205536898839,31.285787950147554
11,121.20533850582068,31.28590261952325
11,121.20533391945655,31.28594130454317
11,121.20529075705697,31.286049156614006
11,121.20531488795254,31.28608354258845
11,121.20527160310203,31.2861092377017
11,121.20528345625694,31.286107021900154
11,121.20530910149793,31.286078571663765
11,121.20530178373295,31.286076468796
11,121.20533827717493,31.285983505028586
11,121.20534014569088,31.285946142205464
11,121.20533448357237,31.285991740248924
11,121.20531241326118,31.28600526978124
11,121.20529105115459,31.286022848505173
11,121.20525577015312,31.286047455656416
11,121.20513901377095,31.286141533800865
11,121.2050914669693,31.286192128666617
11,121.20502713498641,31.286263320251482
11,121.20500032634737,31.286294140151814
11,121.20495530140562,31.286233306048057
11,121.20494323595125,31.28620827271608
11,121.20498807339183,31.286129841867393
11,121.20502545532935,31.28607919022339
11,121.20507695371442,31.28603490993135
11,121.20509678998474,31.28609030554228
11,121.20509921428537,31.286099035044117
11,121.20510004480055,31.2861080462408
11,121.20510381746232,31.286126450331086
11,121.2051721855041,31.286094234367862
11,121.20519906773333,31.28609761795061
11,121.20517853013666,31.286018370872274
11,121.20526957680278,31.28594913910909
11,121.20528977343147,31.285915375375843
11,121.20527238087158,31.28595218584441
11,121.20541685124785,31.285797967181313
11,121.20565364677607,31.28565191113951
11,121.20591737271639,31.28555706711272
11,121.20593917753864,31.285658233664723
11,121.20612842703437,31.285730223800435
11,121.20613057657071,31.285614572480586
11,121.20604306919621,31.28560330485872
11,121.20597178968406,31.285605429584862
11,121.20591554587628,31.28558159987885
11,121.20587494575588,31.28554892620445
11,121.20646124625056,31.285436642736382
11,121.20675351050821,31.28530699127631
11,121.2067095430624,31.285336771170137
11,121.20665942276182,31.28531754490764
11,121.20663775153987,31.285324249670886
11,121.20664599892015,31.28532790415742
11,121.20664372577869,31.28533074370525
11,121.20666089452892,31.28514005808859
11,121.20664417614793,31.2851022966338
11,121.20619066225755,31.285557757799616
11,121.20594901640278,31.28548116320311
11,121.20601607643589,31.285423699730757
11,121.20630644537056,31.285223550470466
11,121.20636011594044,31.28519350722457
11,121.20690773716021,31.284917076654565
11,121.20632277893596,31.28521396666171
11,121.20607406232426,31.28551105574179
11,121.20597734684785,31.285529556076487
11,121.20584012006121,31.28561327183719
11,121.20556691886785,31.285773939432513
11,121.20541967240047,31.285870223093315
11,121.20561793732615,31.2857907626371
11,121.20553891141734,31.285875793633032
11,121.20573310710868,31.285748375799038
11,121.20593252509221,31.285578058062146
11,121.20584643556582,31.285593845924762
11,121.20591325223033,31.285510431299908
11,121.2061213511023,31.285535536642367
11,121.20612643337412,31.285601061689814
11,121.20611469268763,31.285671392409956
11,121.20610313182054,31.285714514782857
11,121.20603649190826,31.28579956327643
11,121.20598823871721,31.285819787668167
11,121.20598532700531,31.285775013872897
11,121.20601120310573,31.285742394644384
11,121.20601250065447,31.285720139844592
11,121.20603690230358,31.28570863287887
11,121.20600437733094,31.285710257423407
11,121.20600182124284,31.28572416448245
11,121.2059437550122,31.285777763190865
11,121.2058944470142,31.28578716128324
11,121.20585806299988,31.285780536585246
11,121.20604530159206,31.285750656760065
11,121.20613135542597,31.285255258599754
11,121.20680834876006,31.285091600377587
11,121.20686012899151,31.285191599788824
11,121.20710335893139,31.28502935934909
11,121.20713839452722,31.284959272295808
11,121.20814483564033,31.284239805240457
11,121.20819119869954,31.284068068417948
11,121.20735913292413,31.28452098287132
11,121.20836430758806,31.284684458484186
12,121.21064002270636,31.28839473178461
12,121.20744763765546,31.285942672054095
12,121.20732809338865,31.285408472557844
12,121.20685004595008,31.285280503916105
12,121.20676255697444,31.285282929301726
12,121.20663268978183,31.28536715678571
12,121.20654144768876,31.285399958705547
12,121.20637252739542,31.285497101861715
13,121.20840058068487,31.287478059222032
13,121.20565984329569,31.286083861740035
13,121.20509704810318,31.28612470101226
13,121.20504595144304,31.286120434982887
13,121.20507669331899,31.286132609033416
13,121.20506873064073,31.28614290118534
13,121.20504535839721,31.286170721045156
13,121.20513387732571,31.286106061813634
13,121.2051664160637,31.286071844832172
13,121.20513645735305,31.286089098995497
13,121.20526505755872,31.285938448207
13,121.20528898456114,31.285900041499666
13,121.20531842110874,31.28588784126648
13,121.20524133853195,31.285948751478873
14,121.2136873901429,31.287575496618643
14,121.21045688170173,31.286593086216175
14,121.20941070902957,31.286478898735147
14,121.2093808353325,31.286840156167848
14,121.2093941882483,31.287399750271167
14,121.2091302651045,31.287229506375173
14,121.20939677838605,31.287473413421406
14,121.20934216930746,31.287481912953414
14,121.20924603713978,31.287430336487702
14,121.20914467208898,31.28749296523342
14,121.20899356804598,31.28754493948248
14,121.20881840709639,31.287465842799715
14,121.20848817224336,31.28718991677542
14,121.20811464438941,31.286936536497485
14,121.20809471773849,31.28696585042899
14,121.20803619778758,31.287008929552673
14,121.20810646038163,31.28712260610874
14,121.2081866509476,31.28722560297304
14,121.20816449284487,31.287268412075512
14,121.20816597285811,31.28726471381478
14,121.20751288136377,31.28573955341512
14,121.20699382005843,31.284907729326303
14,121.20625246079209,31.285169318133107
14,121.20570187985976,31.28516788652449
14,121.2085417685946,31.283618368253165
14,121.20936500479209,31.283638739900294
14,121.2091214228993,31.284338663831146
14,121.2085412262615,31.28519780962307
14,121.20708574612385,31.28614152634214
14,121.2067090465112,31.285670292166074
14,121.20666889641183,31.28520577413223
14,121.20680318721364,31.28506901220368
14,121.2068976385938,31.284934201483598
14,121.20708507779946,31.284822001990694
14,121.2073326553223,31.28466864841619
14,121.20640892079147,31.285351313443627
14,121.20592245432164,31.286050229290485
14,121.20601241557605,31.286070235288644
14,121.20542277028709,31.28593998997307
14,121.20632133574884,31.285159374547582
14,121.20562937333011,31.285675001756687
14,121.20530573785399,31.285947947098485
14,121.20508567204175,31.286139347076407
14,121.20501433214206,31.286173055976818
14,121.20503375203398,31.28614751655606
14,121.20516877408714,31.28608309181032
14,121.20532118286089,31.28608305021736
14,121.20551251635698,31.28612723517731
14,121.20568262280926,31.286239062546507
14,121.20677311752917,31.286721170775365
14,121.207942700558,31.287105949299065
14,121.21033965373783,31.288343672799037
14,121.2124874955868,31.288977101196664
14,121.21537230151375,31.289845131875904
14,121.21382901766786,31.28867252590997
14,121.21347567824672,31.288566298196738
14,121.21371440951745,31.289022768271884
14,121.21377869323622,31.28916557791897
14,121.21326241300653,31.289771603061638
14,121.20893002269473,31.288683122998815
14,121.20727512651592,31.287653974991553
14,121.20662408952828,31.287129145650706
14,121.20674107039153,31.287334720628007
14,121.20668092918278,31.28738611466873
14,121.20659848964704,31.287331967972786
14,121.2066076285543,31.287342530478558
14,121.20633506402845,31.287160090600782
14,121.2061042604111,31.286918996847607
15,121.20844282431611,31.287153928672122
15,121.20621262904962,31.28602809678687
15,121.2057889764578,31.2858393807431
15,121.20604540721128,31.285618516074617
15,121.20675837076983,31.28530602214854
15,121.20718280823219,31.285033243989588
15,121.20712010826217,31.284850882819107
15,121.20703362765437,31.285355490665122
15,121.2061971023361,31.285573977347795
15,121.20614768750049,31.28543229388442
15,121.20517417196443,31.28621736657881
15,121.20490227097729,31.28651724853757
15,121.2049312468513,31.286513494754267
15,121.20633793776236,31.28555773656809
15,121.2067871751737,31.285526652000083
15,121.20684030572728,31.285455789088225
15,121.20680716889639,31.28532203403938
15,121.20641531700124,31.285255088111526
15,121.20651115202305,31.28517472573163
15,121.20616742308832,31.28532037580289
15,121.20626404540387,31.285239741605245
15,121.20657180018135,31.28506750099861
15,121.20644898111433,31.285186115881064
15,121.20617461564999,31.285404403634285
15,121.20618830957648,31.285434673553812
15,121.20616240889152,31.28534041282491
15,121.20617032359873,31.285335049475872
15,121.20625485277854,31.285442770697856
15,121.20664801024171,31.28545821497415
15,121.20663347851779,31.28545487313609
15,121.20656730713213,31.28540853118455
15,121.20674932328785,31.285162276157994
15,121.20707478683744,31.284838590280668
15,121.2073184787517,31.285110945006142
15,121.20744981780744,31.285074856080623
15,121.20712238568082,31.285121540465056
15,121.20686880469279,31.28511330900458
15,121.20698312474137,31.284965040040674
15,121.20685750119738,31.284927605729976
15,121.20686130976081,31.285012846545293
15,121.2068204326183,31.2851688543726
15,121.20693600160367,31.285169365241213
15,121.20683312592381,31.28538299470498
15,121.20733912649067,31.285233088675614
15,121.20755311133256,31.284853955499766
15,121.20844968002564,31.284083136220595
15,121.20871193859824,31.283728011962978
15,121.20819427387706,31.284644130016755
15,121.20924856834176,31.286584582881634
15,121.20760249626439,31.28603764264429
15,121.20708674329832,31.285592812724104
15,121.20688216153309,31.285460088543406
15,121.20670708896239,31.28521841624198
15,121.2066967873365,31.285179152569174
15,121.20669281802581,31.28512112386692
15,121.20671198534326,31.28496502817604
15,121.20674718672855,31.284913730964366
15,121.20677103885848,31.284902249719266
15,121.20679382434557,31.28483151689958
15,121.20688886325577,31.28486545172498
15,121.20691398493055,31.28496048164018
15,121.20689186677467,31.284996341021508
15,121.20678979450821,31.285039224865834
15,121.20681027647325,31.28497847760052
15,121.20654074734301,31.285275477953924
15,121.20619183596277,31.285232872397092
15,121.20627948496055,31.285447067376463
15,121.20659595080372,31.285178530661234
15,121.20528251463892,31.285655797979054
15,121.20542565655168,31.285727881672983
15,121.20539292651054,31.28578225551411
15,121.2055203909576,31.28600754457681
15,121.20560312685929,31.285435943580346
15,121.20607758124405,31.285153770610407
15,121.2088252284932,31.284927965026984
15,121.2063868927226,31.28492055738854
15,121.20668385262331,31.284845225989297
15,121.20738922509541,31.284503151610572
15,121.2078294311671,31.284325274643802
15,121.20675774296744,31.284964900868054
15,121.20575336088528,31.285748305525647
15,121.20550776461792,31.28589657445147
15,121.20596654604361,31.286067454876775
15,121.20580796140122,31.28592994515386
15,121.20573978333735,31.285904840726822
15,121.20543853928275,31.285884489581253
15,121.20529353373718,31.285907540791307
15,121.20520804567212,31.285964005277332
15,121.20527641618796,31.285915746343548
15,121.20532897357987,31.28588807397826
15,121.20533252734691,31.285894377372028
15,121.20536198386877,31.285877979136227
15,121.2055599383152,31.28576199093539
15,121.20562460773074,31.285730759682068
15,121.20568893371335,31.285690085520795
15,121.2060630528604,31.285334986094135
15,121.20741779102944,31.28452029694831
15,121.20762245461806,31.28423168508119
15,121.20823085889393,31.28377430742655
15,121.20990551290876,31.284263160316947
15,121.20937619781444,31.284537198278638
16,121.20990130771983,31.284793615134355
16,121.20819630197636,31.291719236035682
16,121.20631564782475,31.292797906505594
16,121.20605538340544,31.293083476187032
16,121.20574116435465,31.292913826841648
16,121.20568609791789,31.293224988418096
16,121.20560880242391,31.293176585592363
16,121.20565598622828,31.293272670248587
16,121.2056565698041,31.29328115040624
16,121.20565892740976,31.293270856785668
16,121.20567047497373,31.29324588723485
16,121.20567227012253,31.293249989697447
16,121.20567903918499,31.293252063924992
16,121.20568183338837,31.29323737409333
16,121.20565798442989,31.29307579606751
16,121.20565100978921,31.29313505154717
16,121.20565176636535,31.293099100826666
16,121.20563722626534,31.293047139749564
16,121.20563607669864,31.293042872311357
16,121.20561370805738,31.292805598000967
16,121.2056449785553,31.292628273812106
16,121.20559678336014,31.292465599489898
16,121.20562751657263,31.292687878186943
16,121.2055698100926,31.2924903772427
16,121.20562067003016,31.29296819088394
16,121.20562687008265,31.292698622672496
16,121.20563651863986,31.292736416125035
16,121.20564377540437,31.292525873209357
16,121.20565688363122,31.292508321346013
16,121.20557633540544,31.2925619962047
16,121.20553324950504,31.292616887707105
16,121.20560149938994,31.29294374173467
16,121.20552206914921,31.292729023951978
16,121.20559359514658,31.29233578247997
16,121.2055619700394,31.29224318829934
16,121.20564822439991,31.29227719079204
16,121.20555056653677,31.291869492097373
16,121.20550263621656,31.291671535159836
16,121.20556597385392,31.29190122585152
16,121.20558847990017,31.291876097773688
16,121.20558933035566,31.291865281367766
16,121.20559855363224,31.292331261484183
16,121.20554115579556,31.2924442368143
16,121.20554772627209,31.292664528754557
16,121.20556553616233,31.292764893176916
16,121.20565742563913,31.292995244131394
17,121.2086205364597,31.2925855997967
17,121.20613494487264,31.292568118194374
17,121.20577790030295,31.292772653481777
17,121.20569201650294,31.29278338652425
17,121.20565478684601,31.292859801945166
17,121.205650531211,31.292765734264762
17,121.20563858421545,31.292775034392108
17,121.20564908157351,31.292815317576576
17,121.20563948033217,31.292936353192374
17,121.20555262880016,31.292617668622864
17,121.20549700971856,31.292589890549863
17,121.20547121166784,31.29259592666401
17,121.20547900736443,31.292585703450452
17,121.20541237755754,31.292428184196783
17,121.20543493402477,31.2923684917239
17,121.20541339876938,31.29163041644759
17,121.20552351830537,31.29181057595899
17,121.20554556092785,31.291569462588633
17,121.20556180651941,31.29115921311833
17,121.20535935091807,31.28959365801058
17,121.20515684814526,31.29005880915066
17,121.20510235269748,31.290047813860166
17,121.2050624120866,31.291817420338777
17,121.20500360946282,31.291600862790236
17,121.20513191886171,31.291956639806223
17,121.20529289295725,31.29219184739364
17,121.20554324323712,31.29238880244916
17,121.20555101847732,31.292332590860468
17,121.20550862390304,31.292154012978763
17,121.20552930998163,31.291966335216195
17,121.20551211960334,31.291636799972917
17,121.20551235455419,31.291536366254654
17,121.20558701343867,31.291919503643257
17,121.20552897215441,31.29097882830351
17,121.20555733873954,31.290274990925038
17,121.20566049467232,31.290895696570363
17,121.2055929532025,31.291110605185487
17,121.20530597805137,31.290578974273657
17,121.20533138248162,31.2905628688512
17,121.2054841633068,31.291010132889642
17,121.20543981268611,31.291137953727347
17,121.20540026553539,31.291187169559706
17,121.20528394815807,31.29120851847661
17,121.20524668910531,31.29142327848786
17,121.20523333308674,31.291770296555697
17,121.20518224453275,31.291791656968474
17,121.20519911172967,31.291863948071477
17,121.20520772362757,31.29183026567091
17,121.20516894120662,31.291769841008378
18,121.21187755366216,31.288935800802353
18,121.20760498741916,31.2871320358769
18,121.20743647410572,31.286739125354732
18,121.20773482852726,31.285750965018757
18,121.2080685661382,31.285764625055386
18,121.20876918507064,31.285736867791723
18,121.2094876096528,31.28646758254967
18,121.20892901388878,31.286000522644162
18,121.20897357565048,31.28656904640807
18,121.20783493559568,31.286860688842182
18,121.20664011402565,31.286378869881226
18,121.20586228642195,31.286097142362955
18,121.20541312234383,31.286029952037104
18,121.20511859995723,31.286016107111838
18,121.2052442132526,31.285911936237937
18,121.20547859955406,31.285771469252634
18,121.20559952884321,31.28572502483477
18,121.20545225950279,31.28583631836559
18,121.20526106876281,31.285970014365535
18,121.20511323712519,31.286044360710203
18,121.20503483647794,31.28610757651269
18,121.2050211889023,31.286147455219155
18,121.20501496984666,31.28614732916696
18,121.20501139328991,31.28613994583108
18,121.20504565526197,31.286092951314405
18,121.20510132992494,31.286045211372542
18,121.20514323015645,31.28601258847611
18,121.20519652067416,31.285982792688202
18,121.20526622357039,31.28594671919186
18,121.2052900625277,31.285939489079617
18,121.20533611853939,31.285916329772704
18,121.20539062723178,31.285887626695835
18,121.20544747350148,31.28585711706845
18,121.20546692723241,31.285855803712202
18,121.20546392773956,31.285876828277708
18,121.20547419249753,31.28587593821016
18,121.20554273095186,31.285829323609246
18,121.20554501856492,31.28585206802706
18,121.20542507918667,31.28594569039171
18,121.20533843321326,31.28596933210323
18,121.2052656078645,31.285973908160948
18,121.20521655192927,31.28597031744037
18,121.20536576637339,31.28586562759484
18,121.20550021437707,31.285800718941054
18,121.20560494849107,31.285745851536145
19,121.20879763192923,31.287506167572584
19,121.20676076461814,31.285567030527304
19,121.20629132648503,31.28557241857347
19,121.20615555515108,31.28559961249027
19,121.20577434247109,31.28584898752439
19,121.20538829208724,31.28602486035465
19,121.20526710476446,31.28601437622368
19,121.20514110312051,31.286052441627586
19,121.2051067695438,31.286080277414158
19,121.20514735599679,31.28596224102671
19,121.20496609073481,31.286023818969834
19,121.20493382367066,31.28607237097814
19,121.2050000238332,31.28616718958767
19,121.20512507533694,31.286203331633114
19,121.205191429615,31.286260132373734
19,121.20573207533083,31.286031633633755
19,121.20595139961783,31.285928108797407
19,121.20673289090719,31.28634052251389
19,121.20702911353965,31.286600652056205
19,121.20713342518218,31.286866009724687
19,121.20715090740534,31.286909805269104
19,121.20745166806262,31.28722800090593
19,121.2071124218538,31.286835153952953
19,121.20705770774312,31.286948790950152
19,121.20648589314209,31.286473186037053
19,121.20636560671339,31.286217524664533
19,121.20611959185531,31.28580786765933
19,121.20622391913797,31.285805040967837
19,121.2064227148341,31.285704270014747
19,121.20654675361943,31.285727425769455
19,121.20655558490054,31.28566739003642
19,121.20648431865823,31.285739300337294
19,121.2062227064476,31.28571478807376
19,121.20621057802265,31.285730709840927
19,121.20601730832699,31.28541794641009
19,121.2060432157704,31.285624377929217
19,121.20569718688182,31.285671157316674
19,121.20660959960442,31.285675505609696
20,121.21339372213747,31.290138056763162
20,121.21034025238495,31.28931779276913
20,121.20825195424342,31.28873283716188
20,121.20721090482469,31.287970535101444
20,121.20701481712868,31.287773749097862
20,121.20725458696093,31.287025900109683
20,121.20941590922953,31.28637685244817
20,121.21046706003969,31.28466184726825
20,121.21265541310407,31.285145592744055
20,121.21528408727387,31.286974042613828
20,121.21595564571953,31.288566279576624
20,121.21539490890451,31.288914129430097
20,121.21490252071109,31.290230034836515
20,121.21480466291675,31.290394401729696
20,121.21465684818048,31.290144936276075
20,121.21414349638215,31.29006460668081
20,121.21355071234753,31.29004179784466
20,121.21292790561002,31.290114263771446
20,121.21306678838013,31.290054137612085
20,121.21190558763125,31.290190058630536
20,121.2110195373976,31.28982513732008
20,121.211137941723,31.289673961942427
20,121.21010731450377,31.289583467942318
20,121.20944579983417,31.28930715833417
20,121.20936710309822,31.289215940723455
20,121.20939864945387,31.289237248965893
20,121.20867425850935,31.288792923749355
20,121.20613066789038,31.28529615909581
20,121.20664578441422,31.285166838544313
20,121.20662766853081,31.28529973471231
20,121.20599520616246,31.28591069464363
20,121.2055704496568,31.28610639189079
20,121.20578017781035,31.28651345394679
20,121.20611303055558,31.28584199423801
20,121.20850098665409,31.286605540342748
20,121.21130459073245,31.287516504507458
20,121.21265290650737,31.288391743102327
20,121.21380676091066,31.288922360534613
20,121.21104191186403,31.287981811969047
20,121.21269947705976,31.288365704086722
20,121.21256449124132,31.287413549566658
20,121.21021846421623,31.284883740112335
20,121.20900801385731,31.283816835197936
21,121.21205046056347,31.28911381607666
21,121.20845029490363,31.28746046146746
21,121.20680123399188,31.286704599768324
21,121.2061338703166,31.28631639904571
21,121.20597469076121,31.286228566932902
21,121.20592740338525,31.286210096900852
21,121.20589621259128,31.286240736987164
21,121.2062499908,31.28640365822046
21,121.20648107508656,31.286782688576118
21,121.20664146767342,31.287109252966683
21,121.20693829530659,31.287446029925096
21,121.2072017024613,31.287756298242364
21,121.20803351962388,31.288128765539103
21,121.20910293030676,31.28835337598213
21,121.2106517779657,31.28879327265288
21,121.21166482911308,31.288959293158296
21,121.2133599333643,31.289242858774674
21,121.21127812383929,31.288819647968545
21,121.20959579554855,31.28857591213692
21,121.20817842599948,31.28799294456677
21,121.20712817121407,31.287640214055713
21,121.2066794615209,31.287322320688677
21,121.20682365274129,31.287348633456983
21,121.20701757922673,31.287461661349617
21,121.20723890596065,31.287610029691624
21,121.20747228795847,31.287763273614
21,121.20728512606931,31.287504987854412
21,121.20741880607758,31.287409025633682
21,121.20743692606594,31.28718970636375
21,121.20738572134509,31.286950984223893
21,121.20690045513632,31.28669840825183
21,121.2067200444742,31.286799869855702
21,121.20695774044798,31.287224101838177
21,121.20731796463326,31.28781319332497
21,121.20726249939285,31.287736256906154
21,121.20731522719453,31.287843411604417
22,121.21502369438981,31.288469924469364
22,121.21196257328104,31.288849855647154
22,121.21290305406649,31.2901152512132
22,121.21337004149024,31.289287365025956
22,121.21297295064893,31.28808306812976
22,121.2125663768134,31.285924556819495
22,121.21204257232708,31.283802399940907
22,121.21317541322014,31.284944751818333
22,121.21365984844779,31.28699489354984
22,121.21296757568942,31.288241135939366
22,121.21111318091599,31.28930443571756
22,121.20969564270631,31.289215376827908
22,121.2096397588028,31.289048474527604
22,121.20901782074053,31.288512344009806
22,121.2081169410339,31.2874875989513
22,121.20820710873463,31.287350329691705
22,121.20860520678278,31.28814624750489
22,121.20869161597516,31.288224603766878
22,121.20874188829534,31.288293628944682
22,121.20875583120814,31.28828447373557
22,121.20885272175245,31.28846313440394
22,121.20888691867117,31.288522837896153
22,121.2089687378103,31.288657454474173
22,121.20904152981855,31.28879077046266
22,121.20921127049566,31.289119834917738
22,121.2091567520872,31.28909775138201
22,121.20904683717912,31.289034016623006
22,121.20915446600796,31.289015287851935
22,121.20832247283255,31.287976001947925
22,121.20802886995365,31.287835125509396
22,121.20724178699966,31.287320232223202
22,121.20732671682248,31.287484019778802
22,121.20688291427435,31.287291912839855
22,121.20685420069574,31.287354373162014
22,121.20680653812195,31.287398674528898
22,121.20678423857414,31.287137999705756
22,121.20730922883831,31.287176547420696
22,121.20759067909762,31.28739850618382
22,121.20745675369493,31.287121150094073
22,121.20833430514298,31.28743026881404
22,121.20882745480675,31.28792241565656
22,121.2091013433007,31.287856509620642
22,121.20910123024096,31.28769676118733
22,121.20837874366437,31.28789060008666
22,121.20818377682826,31.28805559921017
22,121.20883435245736,31.28867452416235
22,121.209575276519,31.28872952063869
22,121.21061530520672,31.28884738746455
22,121.21018092029635,31.288648370783587
22,121.21065204609293,31.28887543205486
22,121.2092798160757,31.288463955118058
22,121.20835200523805,31.288193726316397
22,121.20716910270443,31.287666826218818
22,121.20744475935693,31.287671687349853
22,121.20727415133192,31.287621748301806
22,121.20702635582523,31.287444630570608
22,121.20676947823284,31.287182801349697
22,121.2072057183765,31.287763798411127
22,121.20727644482437,31.28785068329835
22,121.20722391893304,31.287808272006696
22,121.20720403905369,31.287790717143483
22,121.20702021871558,31.28764550468372
22,121.20691802412067,31.287592172475616
22,121.2068555251399,31.28753541349369
22,121.20665214304775,31.287463206037692
22,121.20646997023414,31.28732703672835
22,121.20638557305195,31.28722493671539
22,121.20640661920021,31.287237044574855
22,121.20640141606586,31.28724296953915
22,121.20641882298875,31.287220028510816
22,121.20647382330503,31.2872662494866
22,121.20648556381917,31.287281682495173
22,121.20660127824068,31.287244591594952
22,121.20676495955608,31.287277679442454
22,121.2069572031948,31.287438099315608
22,121.20707040768609,31.28750466601692
22,121.20727682426202,31.287594508022757
22,121.20727074497552,31.28754441913446
22,121.20720444010934,31.287584452560992
22,121.20716355359505,31.2875477744073
22,121.2071615516391,31.28757544052342
22,121.20704246725448,31.287529110596015
22,121.20702091303407,31.28749540447986
22,121.2071996407093,31.28752244427188
22,121.20743123756897,31.28761146778508
23,121.21645763064801,31.2898201794024
23,121.21595124251883,31.290033008823436
23,121.2151768717667,31.289768767110548
23,121.2141136244191,31.28935108346254
23,121.21394668622835,31.2894864133902
23,121.21132475650462,31.28894226340795
23,121.20891721328567,31.288215107946858
23,121.20673898622812,31.286276794995864
23,121.20589392964045,31.285493591196094
23,121.20564918859215,31.285367079456847
23,121.20626340070052,31.28462050060051
23,121.20978303544615,31.28318908186673
23,121.21161355610485,31.283158532368812
23,121.21164829533333,31.283986320165777
23,121.21222811736246,31.285683054639886
23,121.20932823545063,31.285063335521798
23,121.20869907300775,31.28464287677777
23,121.2076374711016,31.28444949986973
23,121.2077036337632,31.284281396684474
23,121.20760209786656,31.284127428870182
23,121.20762350813362,31.284084083215934
23,121.20763512355839,31.283989550734866
23,121.2084770313945,31.283583626962187
23,121.20941954863645,31.283176094515184
23,121.21255287562184,31.28637937731935
23,121.21375339447967,31.28648045436685
23,121.20849107910307,31.28464980014043
23,121.20791920283182,31.285336818249895
23,121.20597490205475,31.285390036978832
23,121.20586587725211,31.28532745700108
23,121.20574827005274,31.285224796579897
23,121.2071769349393,31.284519882460646
23,121.209551646036,31.28441577502251
23,121.20968546539176,31.286123859753435
23,121.20864127397562,31.2869980646028
23,121.20835844876929,31.28738835946006
23,121.21055215352746,31.28873238333244
24,121.21274951935936,31.2896703039123
24,121.20936893482391,31.28883489883205
24,121.2077971704273,31.28810543898216
24,121.20706254192989,31.287437519758296
24,121.20699975504075,31.2873625186589
24,121.2070565243829,31.28736086129882
24,121.2071236475913,31.287399276768927
24,121.20717007645564,31.28744198102314
24,121.2069310526579,31.287406286645872
24,121.20672977444492,31.287140456397907
24,121.20680281314007,31.287082578145736
24,121.20695122219469,31.287246122339624
24,121.20721471074341,31.287455787652053
24,121.20786486280113,31.287959505572864
24,121.20819430106508,31.2883118546878
24,121.20809338786299,31.288287016570226
24,121.20794596528127,31.28824774384116
24,121.20769118300821,31.288124574570993
24,121.20741562964271,31.28793320321216
24,121.20701883843542,31.28773793964157
24,121.20674401199317,31.287497632369398
24,121.20680862603793,31.287382014012874
24,121.20687327643022,31.287339054956576
24,121.206843744798,31.287356478292192
24,121.20708494050689,31.287619538763007
24,121.20720096550455,31.28776919931921
24,121.20682651928172,31.287438673243386
24,121.2065165251428,31.28724386818583
24,121.20649397450497,31.2872759148254
24,121.20649780077437,31.287274124528434
24,121.20655297269263,31.287220528151558
24,121.20676809118913,31.287365517929903
24,121.20691955432046,31.287429952070756
24,121.2071292203192,31.287545207150444
24,121.20733257875261,31.287613664924518
24,121.20745599760691,31.287619262383714
24,121.20759034422345,31.287695895131673
24,121.20775760948912,31.287811185978725
24,121.20791511458492,31.287908995989042
24,121.20782857695255,31.288078035058703
24,121.20744207586098,31.287906213702694
24,121.20730589080715,31.287794328218453
24,121.2072651741003,31.2877093534649
24,121.20699259126164,31.28752192259543
24,121.20710713768048,31.287682638257575
24,121.20708153202835,31.28768961238839
24,121.20681230522796,31.287504359976882
24,121.20657755867832,31.28728369183617
24,121.2065771475791,31.287106086189713
24,121.2066537259295,31.287026230849165
24,121.20665399971989,31.286913854721874
25,121.21362615096412,31.287666020624926
25,121.20919401924236,31.28540845324411
25,121.20902059159387,31.28411300271576
25,121.21052060441465,31.286901259946514
25,121.21128674944137,31.28947772487305
25,121.21065008027573,31.28924902531051
25,121.21169959705577,31.289593556309228
25,121.21015817629534,31.287622429396762
25,121.2088322533331,31.28394290131725
25,121.20967080772597,31.28305994888733
25,121.20683422901487,31.284478217143246
25,121.20904969659645,31.28387015764903
25,121.21056821660818,31.283181290345702
25,121.20911150971752,31.285023358581782
25,121.20672806981395,31.286716558720286
25,121.20656442907861,31.286908279880002
25,121.20635431581157,31.28672936437489
25,121.20654160544879,31.287076235490918
25,121.20650850535591,31.287032747598673
25,121.20672990400136,31.28704639468654
25,121.20701490295694,31.28721022202591
25,121.20736922810909,31.28747175527052
25,121.2077256603021,31.287606065214117
25,121.20819830144015,31.287910918805792
25,121.20820607294704,31.287921875802326
25,121.20849107251809,31.288016137069253
25,121.20911096750731,31.288472833505278
25,121.20868295282195,31.28816669237829
25,121.20806853466586,31.287629250114517
25,121.20782327544649,31.287826893452813
25,121.20768653486067,31.288112821200762
25,121.20722662988653,31.28784948408573
25,121.20684714613222,31.287562819361735
25,121.20677048832042,31.28752742630664
25,121.20678045945269,31.287536757291065
25,121.20687456425914,31.287570026475368
25,121.20707327574026,31.28767092773495
25,121.20726903762306,31.287753520004568
25,121.20750860873885,31.287903765148116
25,121.20771463759777,31.28802045868935
25,121.2080309665302,31.288258970014727
25,121.20806850375362,31.288273498744292
25,121.20812369437522,31.2883308840144
25,121.20802748988731,31.288317937006358
25,121.20797230771679,31.28822497201021
25,121.2079917856231,31.288218100869347
25,121.20806937121347,31.288269191686133
25,121.2080583903024,31.288192658267757
25,121.20834887588695,31.288375244003547
25,121.20850480164678,31.28850253729308
25,121.20856578936244,31.288551975658915
25,121.2085482188781,31.28853061341193
25,121.2084677818023,31.288512318093986
25,121.20838423459752,31.288469043355384
25,121.20831912904953,31.28842212246315
25,121.20826735096752,31.288364196511413
25,121.20819046938811,31.288275076120144
25,121.208326815083,31.288404878973665
25,121.20821557465138,31.288431085335922
25,121.20795395974011,31.28825681795513
25,121.20766748815763,31.288044990302232
25,121.20730728915048,31.287856696416604
25,121.2069041092165,31.28756771304766
25,121.20673662651494,31.287471513302922
25,121.20672487133473,31.287341699208252
25,121.20684874446287,31.287257700729587
25,121.20713968386528,31.28731295948472
25,121.20739097834061,31.287482308929757
25,121.2075919386345,31.28756914393834
25,121.20765145830413,31.287615968357247
25,121.20764490722843,31.287612480855095
25,121.20758858325352,31.287590219843253
25,121.20771671941132,31.2873647133804
25,121.2082053387002,31.287720992709286
25,121.20880986342809,31.288269843006415
25,121.2094722846255,31.28907044112155
26,121.20924751974849,31.292415227756067
26,121.20738744645922,31.29124292329958
26,121.20599473801457,31.29204585024599
26,121.20578127367152,31.29195609762656
26,121.205819884795,31.292253649208515
26,121.20572544288082,31.2922488322609
26,121.20576986258565,31.29242931180319
26,121.20574524356346,31.292333119708598
26,121.20574110156251,31.292216768129414
26,121.20577191711953,31.2921439526071
26,121.20576942860001,31.292107691002435
26,121.20574359273367,31.29304485119866
26,121.20564326350737,31.29253566713939
26,121.20574777193639,31.29234121615799
26,121.2057888856686,31.29218257505766
26,121.20581977003859,31.29220545836122
26,121.20583401190383,31.291692978048054
26,121.20581732681468,31.29170237830824
26,121.20576818230253,31.29167294387122
26,121.2057417881011,31.291816048537797
26,121.20572236872783,31.2918445543491
26,121.20572122586522,31.291843157591853
26,121.20573084129057,31.291826437376095
26,121.20573599828043,31.29178706890738
26,121.20573790068133,31.29177597161417
26,121.2057387727845,31.291776317117375
26,121.20574026784067,31.291767615838427
26,121.20574595033978,31.2917527154951
26,121.20574450168714,31.291736183788448
26,121.20573561061975,31.29176607214854
26,121.20572491325952,31.291853516812978
26,121.20559728198808,31.29025640179247
26,121.20562542453017,31.28901502122471
26,121.20586806389527,31.287897071227796
26,121.20756794319001,31.286789758594402
26,121.2097749504812,31.285647957477142
26,121.20977126532058,31.285641561176888
26,121.2097664062183,31.28564104203168
26,121.20976559645436,31.285624472429014
26,121.20974385992365,31.28560668348703
26,121.20606150160373,31.288546018588303
26,121.20546955728072,31.290306684512093
26,121.20545130238553,31.290833389026123
26,121.20544675826847,31.291352653023182
26,121.20552285659728,31.291977399656187
26,121.20572677506514,31.292092575091992
26,121.2057240879796,31.292192720888764
26,121.20569152931579,31.292240120485673
26,121.20571037452417,31.292319433251954
26,121.20570758335855,31.292377999503092
26,121.20568860349928,31.292328844184777
26,121.20568639711043,31.292347440025402
26,121.20566320335928,31.292322159724925
26,121.20565375708843,31.29229002641948
26,121.20564523642103,31.29223749609111
26,121.20565516554876,31.292246349312645
26,121.20566366923661,31.292269014260047
26,121.2056648233343,31.292290505282214
26,121.20566755165052,31.29234583853654
26,121.20564928904504,31.29233650131332
26,121.20560672358769,31.29148790107004
26,121.20560441540083,31.291168495037674
26,121.20563699535762,31.290500025166857
26,121.20575979989296,31.290319738225364
26,121.20561718471853,31.289429554420373
26,121.20565675377307,31.28948016020517
26,121.2056209711194,31.289063879186436
26,121.20565488180931,31.28914823734027
26,121.20564658778916,31.289074834111258
26,121.20564941893899,31.289072372735497
26,121.2055495125663,31.28952103576225
26,121.2055352082625,31.291583475199296
26,121.20554045390307,31.29205421364096
26,121.20540788687194,31.29211344701095
26,121.20538214478152,31.292325013140633
26,121.20553003720686,31.292535680966367
26,121.20556770212856,31.291864206294274
26,121.20556996028618,31.290973001628508
26,121.20566406179424,31.290766995538455
26,121.20604369419932,31.28927551841057
26,121.20622147213507,31.288673918928062
26,121.20654790003799,31.288116972460724
26,121.20780083741029,31.287521627637087
26,121.20715614702648,31.28779824665949
26,121.20604598744924,31.28831279015654
26,121.20645384784028,31.287750046694832
26,121.20577846086687,31.28797941727265
26,121.20555027134047,31.288020056514284
26,121.20557432248513,31.288525136056826
26,121.20579028725608,31.289646388734194
26,121.20569656271901,31.290541874451026
26,121.20548374609434,31.29088049992356
26,121.20553054027106,31.291620782803435
26,121.20565469590069,31.29192085328099
26,121.20564587460275,31.291063550918366
26,121.2058424889559,31.291341010718384
26,121.20566500013794,31.29023237640401
27,121.20883171392055,31.29245623781693
27,121.20685346089584,31.2917636849569
27,121.20591665021328,31.292278747786344
27,121.20572819891053,31.292357379370095
27,121.20567363282922,31.29237284818675
27,121.20568523466855,31.29238519981
27,121.20565394962513,31.29233923926818
27,121.20570859671743,31.292120087803408
27,121.2056818123039,31.29174512292249
27,121.20570067907488,31.291565878419007
27,121.20575091318524,31.290979235656575
27,121.20588421442818,31.290715681229614
27,121.20602400550459,31.290359167767754
27,121.2060717902034,31.290046848976292
27,121.20593539728605,31.29048268796888
27,121.20579522432047,31.290977957576395
27,121.20573808239295,31.29144606277729
28,121.2153632063657,31.287010532590635
28,121.2112782683788,31.285383254647453
28,121.21159125891474,31.285535353294893
28,121.21198089624377,31.285475421420628
28,121.21231777650453,31.285601613423406
28,121.2122590234501,31.28555912306712
28,121.212609653163,31.285622097924207
28,121.2127317942801,31.28563519415663
28,121.21243339695933,31.285555522523996
28,121.21238047393436,31.285453175384916
28,121.21168657901337,31.28518816653018
28,121.21136971356086,31.28529368000704
28,121.21132002308302,31.28534547588037
28,121.21113818805881,31.285570717350485
28,121.21120728633385,31.285708728954084
28,121.21124504845756,31.285551154940908
28,121.21168301710159,31.285555051231427
29,121.21623791979981,31.287434023087798
29,121.21224632950711,31.285710408297373
29,121.21187574611477,31.285486317167184
29,121.21200537397557,31.285511107961117
29,121.21230869395963,31.285604383098704
29,121.21222087682523,31.285527816330426
29,121.21224574903847,31.28553074035916
29,121.21223662860072,31.28552451408819
29,121.21224062316608,31.285530195582414
29,121.21223796087577,31.285527338939936
29,121.21222529314622,31.285527118230988
29,121.21222789011426,31.285531008510382
30,121.21553397220113,31.28687206526206
30,121.21264303797446,31.285705224204857
30,121.21202318359514,31.285473863833577
30,121.2121393105364,31.285459298437587
30,121.21218981819398,31.285519100628733
30,121.2121899997574,31.285514821023376
30,121.21220107672895,31.285518414272214
30,121.21221434609313,31.285520686944828
30,121.21222433209348,31.28552420525928
30,121.21221285333854,31.28552296655388
30,121.21218394277497,31.285511664864057
30,121.21216356353908,31.285505276269316
30,121.21215654963298,31.285506647819037
30,121.2121186762224,31.28549501136155
30,121.21211991260846,31.28549725279462
30,121.21212265376998,31.285496146350237
30,121.21213710564103,31.285500440296353
30,121.21217158055848,31.285517102942308
30,121.21219931110168,31.285529110049836
30,121.2122101219514,31.285531106721077
30,121.21184312716618,31.285344109613987
30,121.21160549739339,31.28513806829876
30,121.211296578795,31.284913862919154
30,121.21164329743833,31.285174340118843
30,121.2118899787658,31.28535100239254
30,121.21148551900511,31.285450394260124
30,121.21149921719623,31.28558103351963
30,121.21155878876685,31.28549037758783
30,121.21148865512455,31.285546020040112
31,121.21633193732667,31.286588542371558
31,121.21188760953042,31.285392269484657
31,121.21189794775756,31.28534228843187
31,121.21201889494455,31.28538705879776
31,121.21215659536418,31.285438420132728
31,121.21258492173753,31.28562320265314
31,121.21278545872572,31.285706311400016
31,121.21232492710246,31.285417359725425
31,121.21191749646754,31.28523912802084
31,121.21213222569176,31.285408656947606
31,121.21222488656656,31.285477512713292
31,121.21225252416215,31.28552190039828
31,121.21226657303515,31.28553594999871
31,121.2122684835176,31.285529661704167
31,121.21227024287934,31.28554082022878
31,121.21232324003616,31.285555731313696
31,121.21206053191993,31.28543554236432
31,121.21188170137273,31.285287445830807
31,121.21212428488855,31.28540056003119
31,121.211989276558,31.285388556923223
31,121.21217680639788,31.285444819663667
31,121.21210837214365,31.28537528265267
31,121.21206430388615,31.28540431217694
31,121.21221681503414,31.285469113506558
31,121.21171176771013,31.28527807343643
31,121.21164670384921,31.285203891849303
31,121.21150167998887,31.285144826302997
31,121.21159707100223,31.285141135308624
31,121.2116633328762,31.285126890586227
31,121.2116671169195,31.28512716548936
31,121.21167340443309,31.28513007995938
31,121.2110697471853,31.284894155038415
31,121.21129043687716,31.285002223882298
31,121.21177743313093,31.285103823514735
31,121.21118998103428,31.284913303098097
31,121.21165574523638,31.284991002969235
31,121.21171573279865,31.285117659785236
31,121.21190603763617,31.28527205299069
31,121.21182089051727,31.285068644689964
31,121.21170754083252,31.284984173502473
31,121.21175089218163,31.285060899576365
31,121.21192420575825,31.28507462311093
31,121.21202542779295,31.285061836579263
31,121.21195916815708,31.28557317262659
31,121.21189561711975,31.285408314586174
31,121.21165509419798,31.285334523226155
31,121.21160367726733,31.285216461948313
31,121.21149206383774,31.285088725243437
32,121.2164822553712,31.287553556543756
32,121.21226069669316,31.285589354681363
32,121.21211442050544,31.285496046409428
32,121.2122582852583,31.285557401825116
32,121.21244683918422,31.28557722789721
32,121.21253780743,31.285672086003153
32,121.21189450684153,31.285305392033408
32,121.21167923112284,31.285259212391036
32,121.21174015162886,31.285193234092898
32,121.21100992932189,31.284897909669294
32,121.2114801026251,31.284929502753535
32,121.21182729862042,31.285102220565886
32,121.2117482185504,31.28536602578261
32,121.21216903446737,31.285551996090266
32,121.21198944177415,31.285482385654614
32,121.21210813559955,31.285494771687247
33,121.21470200106153,31.286827638148786
33,121.21316203804417,31.285753739510355
33,121.21211547199447,31.28542199999609
33,121.21125821748832,31.284998868218032
33,121.21036866944198,31.284835646066345
33,121.21055514381416,31.284892052253205
33,121.21162952507196,31.285214889744168
33,121.21115674929924,31.284982639410597
33,121.211841272077,31.285053871471824
33,121.2123028610295,31.285106996934516
33,121.21214544594329,31.285335482207028
33,121.21263027448175,31.286273981888172
33,121.21193666882832,31.28614937324024
33,121.21238290843208,31.285467832670985
33,121.21252609301062,31.285251414410094
33,121.2119617872906,31.28560026555777
33,121.21206625668927,31.285525066085835
33,121.21215436446208,31.285548309147185
33,121.21235494232519,31.285572203682516
33,121.21227326030366,31.28554061136819
33,121.2122882836743,31.285544563163224
34,121.21602335735143,31.287060899707416
34,121.21207450649501,31.285577146864256
34,121.2117593471957,31.285300927829482
34,121.21099420173039,31.284980359913614
34,121.21138724087116,31.28515952259671
34,121.2120017603133,31.28528542357102
34,121.21131735743718,31.284932516630544
34,121.21137557910653,31.284913605769315
34,121.21111820736417,31.28485084209618
34,121.21182047852983,31.28516704729509
34,121.21200620660692,31.285122952398048
34,121.21166288854121,31.284954357713527
34,121.21187760149597,31.285253800072635
34,121.21174069118199,31.285340777070818
34,121.21132028796048,31.285292900816586
34,121.21168507533098,31.285369298729563
34,121.21173228004712,31.285193606648974
34,121.21134845542562,31.28519549726039
34,121.21135296434238,31.285170647452475
34,121.2112711046352,31.285135670287715
34,121.21168857825334,31.285534373812176
34,121.21168499305594,31.285511432861018
34,121.21206654904995,31.28559662921815
34,121.21127039503037,31.285183598900513
35,121.21597748462932,31.287365955483523
35,121.21199511293844,31.28551536498503
35,121.21153816911921,31.285297706508867
35,121.21140750828401,31.28516373899047
35,121.21193177340751,31.28548879944796
35,121.21165609992228,31.2853454763036
35,121.21121346614568,31.285039590776233
35,121.21166107315284,31.285447716475378
35,121.21161566671307,31.285410867762526
35,121.21180455638,31.285480672446354
35,121.2119341680997,31.28555900791153
35,121.21157483863811,31.285230261004244
35,121.21113266566742,31.285143627762668
35,121.21180082562472,31.28542224430332
35,121.21217765964099,31.28559125840081
35,121.21217487739305,31.285577820535995
35,121.21225046113452,31.28559512074958
35,121.2123105807249,31.285537371061814
36,121.21590904963516,31.286860381511563
36,121.21217879176014,31.28585717447358
36,121.21187938334359,31.285479539315904
36,121.21147431542848,31.285322541538594
36,121.21023535459781,31.284882137695096
36,121.21026325927214,31.284881834065857
36,121.21096113902776,31.284990392258255
36,121.21156857883989,31.285138472404974
36,121.21200864964769,31.285515879073994
36,121.21222418261823,31.28571962090683
36,121.21227866669983,31.285664653601028
36,121.21245365246203,31.2856212296147
36,121.21220143105758,31.28538145908473
36,121.21226914849558,31.285501656461808
36,121.21231030024465,31.285477629376846
36,121.21226212368802,31.28555851810232
36,121.21238603453169,31.285591765250384
36,121.2122012595865,31.285494917495807
36,121.21113383408358,31.2850942650049
36,121.2115494955648,31.28536308708958
36,121.21211333489114,31.28558570836514
36,121.21225207858902,31.285645515275583
37,121.21606863373813,31.286680026845563
37,121.2120244123342,31.28602555768159
37,121.21117171095766,31.285410504060767
37,121.21160651977189,31.285726558118395
37,121.21196642518005,31.285636746771374
37,121.21196568159546,31.285522538765026
37,121.21111288257444,31.28513333552994
37,121.21129437819188,31.28526686114824
37,121.21176255676868,31.28535083057191
37,121.21167752329085,31.285242578227365
37,121.2117500086878,31.28537533506724
37,121.21194477466437,31.28540172501768
37,121.21120387400056,31.285069077469636
37,121.21147866018484,31.285260554102223
37,121.21124802259473,31.285087284184446
37,121.21175270503483,31.285426969580747
37,121.21192596186322,31.285469513927183
38,121.21622849378657,31.286538451910733
38,121.21219450341027,31.28574833891217
38,121.21137883160831,31.28527738423268
38,121.21186373169333,31.28551814639298
38,121.2122127107931,31.2855835419345
38,121.21203382867759,31.28546118030757
38,121.21174450028239,31.285279813214995
38,121.21159970139816,31.285156140533
38,121.21194220272136,31.285313292660174
38,121.21212272949073,31.285430214579005
38,121.21197471012412,31.285342548656228
38,121.21131748440288,31.284885465256696
38,121.21080872978315,31.284851239863308
38,121.21086209947688,31.28487231997934
38,121.21200367184848,31.285204974667476
38,121.21186771566964,31.285281434104093
38,121.21188127577754,31.28546708962066
38,121.21183971333816,31.285572996846735
38,121.21226721149026,31.285568038545698
38,121.21224967923762,31.285571333826212
38,121.2125138202507,31.285659485043524
38,121.21248714796951,31.285633151638642
38,121.21228980108494,31.285507371026878
38,121.21198448678341,31.285410172030414
38,121.21166727481696,31.285240346865862
38,121.21101291939719,31.285168023653743
38,121.21133572896123,31.28535252939813
38,121.21140975770865,31.285479605508097
38,121.21164128271845,31.285674796753646
38,121.21185229522227,31.285578358381553
38,121.21195690816266,31.28551125218856
38,121.21111515142013,31.285121282408113
38,121.21082905869584,31.284999232150042
38,121.21107371388952,31.285082432278912
38,121.2114250910132,31.28535650440555
38,121.21150370883907,31.285448236074494
39,121.21536136672563,31.286920781686703
39,121.21271895984125,31.285785547416463
39,121.21224535865207,31.28552947047991
39,121.21235491018611,31.28558820183724
39,121.21230009359917,31.28554837554181
39,121.2122659521296,31.285532167935838
39,121.21233071988813,31.285574875826427
39,121.21243912531483,31.28562356609219
39,121.21240880174278,31.28561004571947
39,121.21227954845762,31.285541552459463
40,121.21623795197586,31.287156018706217
40,121.21162485816411,31.285697715526073
40,121.2113317452312,31.285451894077003
40,121.2113865384305,31.285355611822833
40,121.21138818932984,31.285030899590534
40,121.21156971834573,31.2849791734516
40,121.21163782594905,31.285247913043484
40,121.21145135877303,31.285032804071434
40,121.21168227801729,31.285056411502136
40,121.21148219280221,31.284987028991374
40,121.21160211155286,31.28526266942588
40,121.2116259755134,31.28541216954116
40,121.21158391948117,31.285378182861464
40,121.21178570209028,31.285393724698533
40,121.21187736937785,31.285434519885147
40,121.21206864417702,31.285505265460017
40,121.21160258675685,31.285242622764322
40,121.21146308441604,31.28514486706793
40,121.2119168209173,31.285402354656814
41,121.21624391410172,31.287429871725976
41,121.21199607092548,31.285689354630595
41,121.2105328420832,31.284989382570686
41,121.21040710219145,31.28477033789201
41,121.21076095344695,31.28503345372292
41,121.21207776889536,31.285583376496955
41,121.21229317928142,31.28551911739912
41,121.21205434709759,31.285299358791924
41,121.21218160530519,31.285420668797567
41,121.2120786009666,31.285425381717044
41,121.211953608256,31.28534300187003
41,121.21170045471044,31.285290975088635
41,121.21215670691308,31.285572641880727
41,121.21254065873462,31.285677713143862
41,121.21240272417901,31.285564445295936
41,121.21036672595694,31.284841897184638
41,121.2101900457058,31.284794480076997
41,121.21117790422717,31.285203473640806
41,121.21168098094903,31.285425580617535
41,121.21251697043442,31.285800222951938
41,121.21233439848906,31.285621627993926
41,121.21143120279685,31.285180556365557
41,121.21021252720874,31.284903982125368
41,121.21087865155168,31.28518114634684
41,121.21097330128796,31.285068310529063
41,121.21103371877695,31.284954326278374
41,121.21088921629568,31.285000563526037
42,121.21526974815013,31.286895018655823
42,121.21245683704676,31.285635738017238
42,121.21184960077032,31.28538511060325
42,121.21137771292787,31.285158330202524
42,121.21155432458197,31.285266659965647
42,121.211458522083,31.285220911654473
42,121.21151445792592,31.285193234484193
42,121.21147895170529,31.285229316695364
42,121.2113943970628,31.285095728485665
42,121.21155246202926,31.285342768704886
42,121.21160367394059,31.285342330247595
42,121.21221586349156,31.285698717402575
42,121.21208838273405,31.285619380827065
42,121.2121427891723,31.28549997296871
42,121.21209881399729,31.2855594507546
43,121.21638153364772,31.286131234004547
43,121.21226891639195,31.28555397903591
43,121.21135592190865,31.285113978342828
43,121.21151264921005,31.285276519409067
43,121.21172037387848,31.28535386815024
43,121.21198023125847,31.28571376056413
43,121.21226372551041,31.28580689641374
43,121.21205767524472,31.28549627247283
43,121.21209095628015,31.285552345166014
43,121.21226530066086,31.285589880313257
44,121.21515606799986,31.286826993746104
44,121.21265420999022,31.285734697762447
44,121.21218392603816,31.285545778093727
44,121.21223801393711,31.285509208395766
44,121.21222258864853,31.285542626025755
44,121.21225887092876,31.285532142389023
44,121.21209897767169,31.285469119459368
44,121.21203000667128,31.285436865407327
44,121.21185177927569,31.285368131197497
44,121.2123773027874,31.285579453470458
44,121.21202077682639,31.285397172256346
44,121.21120707466517,31.285043692347614
44,121.21109840975748,31.285025684435155
44,121.21160978075538,31.285157083437593
44,121.21174770495621,31.285154930044847
45,121.21603208477967,31.286318666363044
45,121.21217876478879,31.285338525228266
45,121.210710987274,31.284824860055235
45,121.21123285755755,31.285145021158712
45,121.21131837801981,31.2851500328297
45,121.21150428520644,31.28528426142973
45,121.21146894664477,31.285119028807863
45,121.21147902166243,31.28521806309694
45,121.21214988145435,31.285598765145174
45,121.21221443723492,31.28549061405679
45,121.21231166676455,31.285518503705763
45,121.21223847204749,31.285550689898574
45,121.21227491766498,31.28555782166745
45,121.21214445760779,31.28547889264532
45,121.21202771402368,31.285432117064484
46,121.2164889962713,31.28631513998014
46,121.21189422355958,31.2856129172478
46,121.21097647198144,31.28489568793348
46,121.21240563354853,31.28544701957245
46,121.21220547740396,31.285482836977586
46,121.21189961804906,31.285349372174316
46,121.21201467038769,31.285484279794215
46,121.21203038610588,31.285497935452568
46,121.21210049986512,31.285532862879553
46,121.21222395055652,31.28559798288529
47,121.21142800476183,31.285184454003865
47,121.21246549985537,31.28574087845988
47,121.21235377045467,31.285476942056505
47,121.21257436582046,31.2856101230429
47,121.21242399716495,31.28552331482612
47,121.2124919876526,31.285567454224743
47,121.21233342056894,31.285528228176652
47,121.2123526201744,31.285540535076475
47,121.21239795298455,31.2855576220189
47,121.21245582306359,31.285577690100723
47,121.21242231173449,31.285558839430305
47,121.212415471179,31.28555350685154
47,121.21235646865428,31.285526446005562
47,121.21231726205619,31.285524869574456
47,121.21228051782049,31.285490514724987
47,121.21230780807089,31.28551722048862
47,121.21230364501872,31.28551766112143
47,121.21228906813242,31.285546745895463
47,121.21191379198793,31.285363156269206
47,121.21216606755965,31.28548296828851
47,121.21214924058421,31.28545202644366
47,121.21228135831427,31.285548687054924
47,121.21211282912272,31.28545759686615
47,121.21218223370546,31.2855265918517
47,121.21232951900132,31.285601500853495
47,121.21232881822841,31.285612415499397
47,121.21240347119598,31.285639550595754
47,121.212481783828,31.28560860180805
47,121.21226771521722,31.285559581217548
47,121.21212548539977,31.285528866030692
47,121.21200556258474,31.285416008530113
47,121.21202216875503,31.285478978411604
47,121.21181670322032,31.28534891129286
47,121.21129733862118,31.285123889791155
47,121.21172813906965,31.285286062407636
47,121.21181780317865,31.285404218036305
47,121.21193393971423,31.285465508477124
47,121.21192254059021,31.285442416465752
47,121.21198749606438,31.285474359266033
47,121.21199926950553,31.285507177930445
47,121.21196957799765,31.2854887094496
47,121.211988845366,31.28548199861189
47,121.21209755761305,31.285549423220118
48,121.21615954544818,31.28632994374893
48,121.21227975788257,31.285540219653825
48,121.21161095461045,31.285299059318508
48,121.21197036256626,31.285489537597353
48,121.21205575101591,31.285476590360375
48,121.21180654334911,31.28533330335507
48,121.21204932755121,31.285446789447967
48,121.21208755021162,31.285471636009742
48,121.21232662052306,31.28560495511462
48,121.21187461997953,31.285334242808744
48,121.21112382414195,31.28498258610613
48,121.2107954468278,31.284866402150495
48,121.21142124851494,31.285184527621716
48,121.21217385074978,31.285522394272714
48,121.211777906159,31.28519902509438
48,121.21168248490363,31.28532688506227
48,121.21246089216945,31.28571384555564
48,121.2124166545022,31.285661165719244
48,121.2112947263538,31.285204700663105
48,121.21087250513507,31.28509616508886
48,121.2115240459196,31.285345456719156
48,121.21190757073312,31.28545084009378
48,121.21172421611493,31.285297890562134
48,121.21197808735444,31.285470353883902
48,121.21207389108756,31.285389206617875
48,121.21199551819437,31.285257073405056
48,121.21232342476745,31.28543347123282
48,121.21233617015973,31.285406272477488
48,121.21241534426298,31.285462427651055
48,121.21158401001549,31.28512912376396
48,121.21214989961602,31.2855121493409
48,121.21246769799461,31.285519956790125
48,121.21196185771569,31.28537670609619
48,121.21220701688183,31.285470638117275
48,121.21220364169777,31.285470168021487
48,121.21220646096252,31.285573126595608
48,121.21202520896402,31.28536812936272
48,121.21212949341277,31.28554915294646
48,121.21240921273902,31.285620095725175
48,121.21225260685773,31.28550004191799
48,121.21227039095176,31.285482754946845
48,121.21232210989868,31.28552309995715
48,121.21178172174533,31.285277657588754
48,121.21134850738123,31.285297609154078
48,121.21137845959156,31.285300751889963
48,121.21146735089488,31.285414360502084
48,121.2116970639601,31.285519970244774
48,121.2117163694483,31.28536440347242
48,121.2119791154188,31.28527879307284
48,121.21193586489622,31.285242337503075
48,121.21191141145181,31.285226078810044
48,121.21154762207058,31.285377497124575
48,121.21149010335925,31.285389143182694
48,121.21157551316328,31.285513585712025
48,121.2115372427476,31.28557134547103
48,121.2116827438073,31.28560398413315
48,121.21081218440976,31.285130577586305
48,121.21109531690121,31.28490094243078
48,121.21151892770465,31.28492555165215
48,121.21201918563843,31.28532004341492
48,121.21198299316741,31.28538148547479
48,121.21203603091486,31.285177096559753
48,121.2118061918432,31.285393285700316
48,121.21180451020422,31.285417650106556
49,121.21601811103598,31.28627297001511
49,121.2122441809059,31.285403132213805
49,121.21165922851036,31.285091383904927
49,121.2118078926126,31.285115631813074
49,121.21216397994073,31.285400742612126
49,121.21157027937865,31.2850499140138
49,121.21169255172373,31.285222423250907
49,121.21127695833994,31.285010494211107
49,121.21138763548835,31.285077052326212
49,121.2116949880632,31.28505756887012
49,121.21157331648946,31.28497274026234
49,121.211412352208,31.285044746682637
49,121.21138575337902,31.28504193785682
49,121.2116600995704,31.28499817055739
49,121.21205758844977,31.284965180929156
49,121.21212509951269,31.28506780883686
49,121.21209772540037,31.28510472452652
49,121.21176444036057,31.28599195027317
49,121.21136474318979,31.28518850149373
49,121.21168750815428,31.28518829301979
49,121.21135279638834,31.285225638855824
49,121.21154208726166,31.28550984820065
50,121.21534699372293,31.28697447376277
50,121.21231974583633,31.28556388672039
50,121.21178378542866,31.285361942589685
50,121.21179298084719,31.28536710674
50,121.21190999939232,31.28545836030179
50,121.21186264729798,31.285454517729626
50,121.21191511392755,31.285464574846213
50,121.21218313531305,31.285566204347674
50,121.21145001005821,31.285203118139428
50,121.21115639192034,31.28502221061224
50,121.21103979990228,31.28503862146904
50,121.21170273818429,31.285400013636774
50,121.21211672018377,31.28558127420656
50,121.21199668068873,31.285482685237877
50,121.21232428391264,31.285555658496158
51,121.2156114972714,31.28697690176147
51,121.21244674201505,31.285713845314614
51,121.21179719794,31.28535868015399
51,121.21179673877084,31.28540824077153
51,121.21174576179018,31.285310436706766
51,121.21210385253534,31.285458313235374
51,121.21160669841682,31.285276232356438
51,121.21105510522528,31.285127200796992
51,121.21247089840747,31.285813398371612
51,121.21179447896051,31.285350198920607
52,121.21554494489689,31.287229054196395
52,121.2122859551385,31.285585732303943
52,121.21188122833883,31.285419070098996
52,121.21127664163068,31.28512473950172
52,121.21184983640943,31.285393660679535
52,121.21138580773686,31.285103973628093
52,121.2115439354761,31.28526546048299
52,121.21211841614446,31.285573946285908
52,121.2122477067206,31.28545215154979
52,121.21235399731654,31.2854784074145
52,121.2122197930428,31.285448877370904
52,121.21225221658838,31.28553069901645
52,121.21222438475583,31.285497681295997
52,121.21235796718956,31.28559118241493
53,121.21554694691146,31.287221356630717
53,121.2127497641123,31.285717213198634
53,121.21232140440024,31.285523422407625
53,121.21217661437856,31.285479751172385
53,121.21218082407758,31.2854993316313
53,121.21221954174706,31.285541699653706
53,121.2124001678328,31.285582947339456
53,121.21236601256837,31.285588453503394
53,121.2122996999558,31.285537892183577
53,121.21180134655074,31.285331716738632
53,121.21208671320699,31.28547040358642
54,121.2156625358043,31.286943940779743
54,121.21118208088059,31.285369430881552
54,121.21126542816393,31.285210810147362
54,121.21104588155607,31.28513011236647
54,121.21144356919444,31.28535325455449
54,121.21146629307191,31.28545900698264
54,121.2122319598752,31.285664374496342
54,121.21153183356138,31.28521068708549
54,121.21148073853577,31.285151829255373
54,121.21150078261698,31.285104626889414
55,121.21580675017795,31.28687375181427
55,121.21225580147406,31.286017447400837
55,121.21203249937327,31.285630519167714
55,121.21233335337165,31.28568423300132
55,121.21210462462193,31.285476199511965
55,121.21149442361605,31.28509023987106
55,121.21129522208447,31.285089007196433
55,121.21101693859005,31.2849206079886
55,121.2113226229741,31.285099751042747
55,121.21152114276835,31.28496249946875
55,121.21163391868225,31.28521409980822
56,121.21619633909276,31.287318009212527
56,121.21218724562556,31.285610954229465
56,121.21186755255633,31.285436548031385
56,121.2116826276,31.285285893737637
56,121.21193543654448,31.285393279510004
56,121.21121465862875,31.285049277121153
56,121.21174844378785,31.285393029831944
56,121.21211851295102,31.285528526490232
56,121.21214544638624,31.285598892076504
57,121.2154557490738,31.28682892844921
57,121.21258299848182,31.28555981666695
57,121.21189577022001,31.285153686703467
57,121.21177899535586,31.285059467754092
57,121.21207249689438,31.285354927701103
57,121.21216162172149,31.285442457085324
57,121.21231906677288,31.285557306276566
57,121.21202344491599,31.285380790133154
57,121.21212194628126,31.28544716764401
57,121.21230559291143,31.2854971454572
57,121.21251311893327,31.285616966307256
57,121.21217616630238,31.285480890587124
57,121.21208377563549,31.28534993364802
57,121.21107529206085,31.284855153276602
57,121.21051011876756,31.28480853827592
57,121.21149010400411,31.285003590571378
57,121.21217872168138,31.285281260184746
57,121.21183676999361,31.285476416420735
57,121.2114674773478,31.28507401940401
57,121.21145376350432,31.285101168246044
57,121.21130875940528,31.285153318705415
58,121.21559878006548,31.287225448100347
58,121.21236041082813,31.28653291525693
58,121.21097972873363,31.285087262614777
58,121.2111861246379,31.285180532545745
58,121.2113833927071,31.285235105796897
58,121.21177418775433,31.28542834587215
58,121.21121384012099,31.285172731297628
58,121.21166808023928,31.285328074012664
58,121.2115471453109,31.285415688669715
58,121.21184350908277,31.285649501271145
58,121.21139189496402,31.285702260642694
58,121.21134365965136,31.285413400632194
58,121.21213261330085,31.285631541482235
58,121.21181922235404,31.285369057296517
58,121.21165590051072,31.285286638929275
58,121.21206372394369,31.28539728169915
58,121.21206453861272,31.285418682740648
59,121.21592567776025,31.287275821762332
59,121.2126921326501,31.285731970946987
59,121.21232873244793,31.28553383388222
59,121.21240851319138,31.28559847058049
59,121.21240483894763,31.28559248433892
59,121.21172564172262,31.285295932511563
59,121.21077870098584,31.285042203391715
59,121.21136727564384,31.28529242144038
59,121.21199422798468,31.28551262776655
60,121.21593463077541,31.28712751122163
60,121.21238806766709,31.28559580839848
60,121.21204422945303,31.285443101581844
60,121.21214233874393,31.28548926276407
60,121.21238932553868,31.285566972170805
60,121.21224908086445,31.2855241221099
60,121.21188896239771,31.285370920632634
60,121.21173306067439,31.2852493781785
60,121.21204382367107,31.28540338278567
60,121.21121090852357,31.284963158787598
60,121.21205478201205,31.285483321858262
60,121.21175110501608,31.285186383767964
60,121.21100533193072,31.284893480343076
60,121.21119404224602,31.285028554116018
60,121.21135808450641,31.28503255466261
60,121.21213865545731,31.285266440657228
60,121.21196984437714,31.285184115027302
61,121.21561643151841,31.286849279101684
61,121.2121869809372,31.285564296401116
61,121.21179616825384,31.285330498288
61,121.21182080166817,31.285374650320563
61,121.21189276617727,31.285465877192397
61,121.21164805369432,31.285254262037444
61,121.21099442292574,31.2849360361521
61,121.21106380263224,31.284982781826177
61,121.21070157866987,31.28489841091821
61,121.21164850679199,31.285261808197852
61,121.2114759540712,31.28529867931277
61,121.2118171023035,31.28550319974746
61,121.21155055190218,31.28538807414902
61,121.21168014569733,31.28532665298823
61,121.21082121003596,31.285029275921293
61,121.21021701794632,31.2847937382546
61,121.21112176193432,31.285143911578757
61,121.21172902888534,31.285471349346604
61,121.21169450505322,31.28545464048198
61,121.21172297430934,31.285418886835487
61,121.21128054355378,31.28514173859421
61,121.21075864905993,31.284901702749075
61,121.21021120708261,31.284989474628127
61,121.21081328011581,31.285056776393535
61,121.21165722244753,31.285100468430503
61,121.21190062388482,31.285020501198375
61,121.2117595010569,31.28511320164577
61,121.21212855621827,31.285167735891665
61,121.21227995144366,31.285213322933238
61,121.21232372028032,31.2852235620814
61,121.21215833227582,31.285930114968167
61,121.21185590105691,31.286965288272565
61,121.2116808490888,31.28604535241779
61,121.21159677671481,31.285277615094756
61,121.21142289757334,31.285107437618045
61,121.21126334025264,31.285127023739843
61,121.21114877335482,31.285280076040898
61,121.21142246514214,31.285295377925838
61,121.21179561700166,31.285202930510913
61,121.2122261961727,31.285129899032032
61,121.21241476446471,31.28518128649874
61,121.21204906379562,31.28541464811867
61,121.2117746705314,31.285025714043396
61,121.21154258547591,31.285049458141426
61,121.21130074113744,31.285109433273416
61,121.2116410089715,31.285319493712933
61,121.2118622124658,31.285248512659987
61,121.21201673141779,31.285247915266595
61,121.21195464894103,31.28518647778528
61,121.21176787170003,31.28507620102268
61,121.2115712883794,31.28501858038134
61,121.21182874792869,31.28506206535412
61,121.21195063999451,31.285106054068564
61,121.2119141690959,31.285107984356557
61,121.21197158977647,31.285152918470178
61,121.21193006273292,31.285202169378667
61,121.2118180198811,31.285101740937247
61,121.21170236961323,31.285046320995963
61,121.21171961462605,31.285033106778954
61,121.21171739853996,31.28512633179666
61,121.21207843575327,31.285077938982443
61,121.21203029333093,31.285172230379853
61,121.21189955570514,31.28511322126392
61,121.21182738734234,31.28511607234804
61,121.21136110155743,31.28503387440216
61,121.21125984633817,31.285011216708117
61,121.21173685083573,31.28501922614882
61,121.21215139498553,31.28501684100251
61,121.2123848050573,31.28511432942823
61,121.21237132391354,31.285171832140783
61,121.21197969707168,31.28574685929364
61,121.21208458423361,31.28547052174074
61,121.21178742280104,31.28546770348746
61,121.21167364034737,31.28549192482618
61,121.21161397618418,31.285385067574868
61,121.21161698525998,31.28538201142869
61,121.21181853053453,31.285425980879275
61,121.21155832320083,31.285190110690962
61,121.21169389416066,31.285341401789474
61,121.2118198004927,31.285422344982713
61,121.21184637929441,31.28542929511982
61,121.211892824653,31.285468118649156
61,121.21196955198046,31.285484155128845
61,121.212065250377,31.285500765578238
61,121.2115118494129,31.285235357735438
61,121.2116329707949,31.285413402119282
61,121.21102944447946,31.285137035435657
61,121.21172163929812,31.285566820879037
61,121.21211378374771,31.2856373318516
61,121.21227980432388,31.285593373112928
61,121.21167210922991,31.28546075392889
61,121.21207785398792,31.285466304188414
61,121.21245947124811,31.285674340082387
61,121.21253019213158,31.285631685128674
61,121.21250450427902,31.285527614106005
61,121.21225925424604,31.28552105666524
61,121.21227803880352,31.28550993499284
62,121.21564086657132,31.28639116313033
62,121.21233009679003,31.285629145004556
62,121.21153174686263,31.285163138347535
62,121.21157311710252,31.285315239942673
62,121.21175133849628,31.28539640891491
62,121.21199923730768,31.285474527968056
62,121.21213401055141,31.28555708340942
62,121.21227835771911,31.28564202485264
62,121.21195950840956,31.285368595475315
62,121.21184709178674,31.2853261907581
62,121.21171475867472,31.28520226026513
62,121.21101613210622,31.284905092893737
63,121.21534234000273,31.28692136281442
63,121.21207395418435,31.285586127600922
63,121.21162373053102,31.2853309161258
63,121.21162531972152,31.28531031826459
63,121.21189232392092,31.285460506140673
63,121.21201819717216,31.28551026556379
63,121.2121214664192,31.285516387844794
63,121.21194419352886,31.285510496231122
63,121.21221542726407,31.285552566429736
63,121.21248632662174,31.28561744033358
63,121.21214710957209,31.285448638784057
63,121.2120301460735,31.28537694788741
63,121.21202686505055,31.285502118952657
63,121.21230772343928,31.285619826635678
63,121.21132428440868,31.285202620819902
63,121.21167370277435,31.28546543105026
63,121.21193158507577,31.28551948590818
64,121.2154034898509,31.28700016341872
64,121.2126376584355,31.285722006393918
64,121.21218012463527,31.28548665752888
64,121.2121853329179,31.285482620147558
64,121.21229698319831,31.285543477461946
64,121.21226910473362,31.285548045508985
64,121.2117576209817,31.285267848289028
64,121.21194884807014,31.28549022125304
64,121.21210169322602,31.285504913909662
64,121.21172840950511,31.285308730798516
64,121.21166469592072,31.285210803863478
64,121.2109855820944,31.2848993807157
64,121.21081364464462,31.284765774008832
64,121.21140735378043,31.284932263064597
64,121.21183815158638,31.285389209568972
64,121.21180067621472,31.285327911624638
64,121.21184329103468,31.28555168421359
64,121.21187764616762,31.285240917261323
65,121.21527097227657,31.287148021253067
65,121.21247996902682,31.28560496524649
65,121.21181762500389,31.285363772533348
65,121.21176643118113,31.285296922172282
65,121.21219638559705,31.285578819770407
65,121.21177918079968,31.28533303312973
65,121.21156121175744,31.285160653605747
65,121.21128507174465,31.28512169143205
65,121.21098944448944,31.285019485494928
65,121.21166856934057,31.28534832661625
65,121.21149122394527,31.285418437027563
65,121.21187381164842,31.285518951975543
65,121.21185584695212,31.285557881827806
65,121.21220383536328,31.28555397802408
65,121.21222065242813,31.2855565348719
65,121.21229043009232,31.2855604047185
66,121.21543905451448,31.287265426763735
66,121.21247586375796,31.285601480585168
66,121.21222791778715,31.285518106943975
66,121.21215299483713,31.285418389053724
66,121.2121893231168,31.285522568427847
66,121.2111402645566,31.28510637396006
66,121.21115446129416,31.285216194065452
66,121.21191838633716,31.2854368361585
66,121.21150686243634,31.28515407382103
67,121.216224311613,31.28649033333936
67,121.21233482381284,31.28538223801476
67,121.21201928013771,31.285631091563705
67,121.21150648835344,31.285373602307434
67,121.21200634398392,31.28531959979814
67,121.21175111608014,31.2857933290127
67,121.21210175532339,31.285477730079467
67,121.21245275322423,31.285681773153616
67,121.21059349556499,31.284863200057003
67,121.21152575704922,31.28555650972026
67,121.21263972228715,31.285782151639868
67,121.21223849777624,31.285508385677232
67,121.21194703684893,31.285371844474586
68,121.21541484500054,31.287109127135608
68,121.21264936060987,31.285749982853492
68,121.2123123183853,31.285531123336007
68,121.21158325072723,31.28516750598734
68,121.21149801055773,31.28523488830214
68,121.21167619200351,31.28515940889595
68,121.21188610509955,31.285250957380097
68,121.21196415151545,31.285427343782214
68,121.21219864849034,31.28555348270875
68,121.21213497562964,31.285522781783556
69,121.21566046294002,31.286957615792367
69,121.21218485988788,31.285621763311777
69,121.21168760630712,31.285317096568942
69,121.21174970308728,31.285348111879067
69,121.2114029240211,31.285178022526676
69,121.21096484081598,31.285041270729256
69,121.21150206936277,31.285305156279122
69,121.21221928819287,31.28563776984003
69,121.21127914347097,31.285060235949405
69,121.2110727959922,31.285018532364088
